ref	commit
refs/heads/codex/doe-adapter-instance	af1a919cfdcdd849db64bfab351bc792e0144177
refs/heads/codex/doe-ordinary-wait	306b2f2fdddd7372ffc8940c54dea363b3d9238d
refs/heads/codex/doe-startup-enumeration	f38a3529215a8fd3b2eb31d01cf920a1e86ef532
refs/heads/codex/harden-package-comparability	ce9124b1ed3ffd7b3c4236b15916b6e8673056aa
refs/heads/doe/emitters	fb6070f9779ab08a97f2a8127f68f653657eb165
refs/heads/main	121d7b40eec32a5c468ca8b14fa160db51deedde
refs/remotes/origin/HEAD	95107e6eff7e18aadc88f92e4dc5b08c6cc8ca59
refs/remotes/origin/agent/clarify-public-surfaces	dca8d151de219fcb960176343539169081c6c586
refs/remotes/origin/codex/amd-vulkan-package-compare-evidence	b81903e197c30f8e5e77e4106bffd73a51e7abce
refs/remotes/origin/codex/harden-package-comparability	ce9124b1ed3ffd7b3c4236b15916b6e8673056aa
refs/remotes/origin/feat/qwen-3-6-bringup	4891123691ddfea1cf215d75098278a5d89ceddb
refs/remotes/origin/main	95107e6eff7e18aadc88f92e4dc5b08c6cc8ca59
