sample	recordWallMs	recordCpuMs	finishAndCleanupMs
0	0.270749807	0.191994000	0.041136980
1	0.254278183	0.177637000	0.039695024
2	0.259317875	0.182382000	0.035236120
3	0.281119823	0.201103000	0.035978079
4	0.258247137	0.182249000	0.035387039
5	0.255381107	0.179667000	0.034325123
6	0.266420841	0.186716000	0.034906149
7	0.258275986	0.178911000	0.035106182
8	0.248797894	0.173120000	0.036509037
9	0.246925116	0.172157000	0.043963194
10	0.250401020	0.173959000	0.034204006
11	0.263246059	0.182105000	0.034685850
12	0.256542921	0.179710000	0.035476923
13	0.262694836	0.181945000	0.035987854
14	0.256042004	0.179807000	0.034013987
15	0.255240917	0.178327000	0.034664869
16	0.251062155	0.172255000	0.038471937
17	0.246172905	0.171368000	0.038301945
18	0.251773834	0.176413000	0.034615993
19	0.248428106	0.174580000	0.034095049
20	0.256472826	0.180400000	0.034435034
21	0.251963854	0.175599000	0.034674883
22	0.249258995	0.174331000	0.035006046
23	0.251664162	0.172557000	0.033603907
24	0.249099970	0.172623000	0.036329031
25	0.251322985	0.174423000	0.035767078
26	0.254589081	0.176557000	0.034735203
27	0.252044916	0.175300000	0.035416842
28	0.249218941	0.172889000	0.033833027
29	0.253107071	0.180743000	0.036418200
30	0.250061035	0.175963000	0.035145998
31	0.250332117	0.174871000	0.035477161
32	0.254449129	0.173543000	0.034074068
33	0.255692005	0.175653000	0.034504890
34	0.247875929	0.172440000	0.034113884
35	0.257333994	0.175898000	0.036809206
36	0.278675079	0.199006000	0.033773899
37	0.247907162	0.172716000	0.034185171
38	0.258145809	0.176217000	0.034085035
39	0.249580145	0.173117000	0.035276890
40	0.246714830	0.171272000	0.036207914
41	0.246583939	0.170621000	0.034574986
42	0.251483917	0.175099000	0.035106182
43	0.253246069	0.174119000	0.035135984
44	0.249490023	0.173008000	0.035016060
45	0.247245073	0.170745000	0.034103870
46	0.252074003	0.173461000	0.034304857
47	0.249348879	0.173388000	0.034775972
48	0.246104002	0.170648000	0.035816908
49	0.250591993	0.174780000	0.039233923
50	0.245583057	0.169892000	0.034474850
51	0.248998880	0.172594000	0.034725904
52	0.248697996	0.173317000	0.035005808
53	0.253546953	0.175542000	0.035055876
54	0.246003151	0.170141000	0.033602953
55	0.249669790	0.174391000	0.034544945
56	0.250782013	0.173866000	0.035616875
57	0.246715069	0.171508000	0.035816908
58	0.247856140	0.171466000	0.035145998
59	0.244789839	0.169531000	0.036458969
60	0.249289036	0.173910000	0.034394979
61	0.248208046	0.173099000	0.034905910
62	0.248017073	0.172527000	0.035095930
63	0.250200987	0.171904000	0.033572912
64	0.246814013	0.171884000	0.034304857
65	0.258146048	0.176530000	0.034655094
66	0.249940157	0.174412000	0.034455061
67	0.243369102	0.169117000	0.033632994
68	0.246423960	0.171765000	0.034093857
69	0.245733023	0.171121000	0.033673048
70	0.252125025	0.175028000	0.034104109
71	0.244540930	0.170250000	0.034715891
72	0.244670153	0.170446000	0.034605026
73	0.250721931	0.175892000	0.034495115
74	0.245651960	0.171515000	0.034343958
75	0.259768963	0.179089000	0.037019968
76	0.287050962	0.212485000	0.033743858
77	0.249038935	0.173895000	0.033653975
78	0.258327007	0.177085000	0.036087990
79	0.252195120	0.174451000	0.035958052
80	0.254398823	0.178019000	0.036547899
81	0.250370979	0.174840000	0.034625053
82	0.248748064	0.173508000	0.033902884
83	0.250902891	0.174200000	0.034294128
84	0.258255959	0.177319000	0.035245895
85	0.246523857	0.171302000	0.033704042
86	0.252604961	0.176796000	0.033713102
87	0.254137993	0.176535000	0.033954144
88	0.251073122	0.175129000	0.035356998
89	0.249109983	0.174131000	0.037831068
90	0.247946978	0.172219000	0.033612967
91	0.247756004	0.172795000	0.034064054
92	0.246984959	0.172530000	0.033994198
93	0.260901928	0.179655000	0.034565210
94	0.257305145	0.175660000	0.035377026
95	0.250020981	0.174352000	0.033482790
96	0.250502110	0.175750000	0.035076141
97	0.250271082	0.175142000	0.035086155
98	0.246495008	0.170915000	0.033353090
99	0.248789072	0.173688000	0.034595013
100	0.253626823	0.174497000	0.033964157
101	0.254168034	0.175374000	0.033993959
102	0.247997046	0.172726000	0.034344912
103	0.262825012	0.180081000	0.034305096
104	0.256341934	0.179150000	0.036457777
105	0.254650116	0.178670000	0.037281036
106	0.256362915	0.179028000	0.034805059
107	0.254830122	0.178757000	0.033864021
108	0.251693964	0.175802000	0.034485102
109	0.251563072	0.175288000	0.078256845
110	0.249349117	0.173700000	0.034545183
111	0.246613979	0.172034000	0.034945965
112	0.257055044	0.175844000	0.035036087
113	0.259839058	0.181370000	0.034855127
114	0.258987904	0.177215000	0.036408901
115	0.258717060	0.176340000	0.034524918
116	0.249350071	0.172061000	0.033484221
117	0.248769045	0.173653000	0.033722878
118	0.259148121	0.177622000	0.033823013
119	0.252033949	0.174339000	0.034163952
120	0.259719133	0.177847000	0.038030863
121	0.252816200	0.174623000	0.034224033
122	0.249449015	0.173726000	0.036098003
123	0.247715950	0.172815000	0.034464836
124	0.245933056	0.172039000	0.035345793
125	0.245812178	0.171050000	0.033483028
126	0.253707886	0.177143000	0.033572912
127	0.259958982	0.178005000	0.035758018
128	0.252244949	0.176023000	0.035557032
129	0.254920006	0.178947000	0.035777092
130	0.255691051	0.174128000	0.035666943
131	0.254559040	0.175529000	0.034183979
132	0.247786999	0.173249000	0.098013878
133	0.272202969	0.189919000	0.036179066
134	0.250291824	0.174936000	0.035257101
135	0.251844168	0.175773000	0.034415007
136	0.259188175	0.181181000	0.034765005
137	0.250071049	0.172450000	0.033452988
138	0.253116131	0.175713000	0.034884930
139	0.259899139	0.175581000	0.034425020
140	0.251693964	0.174692000	0.034364939
141	0.250481844	0.173036000	0.033944130
142	0.259598970	0.181647000	0.035526037
143	0.249298811	0.173391000	0.035346985
144	0.249950886	0.174200000	0.034194946
145	0.248929024	0.172819000	0.034775972
146	0.250070810	0.173330000	0.033833027
147	0.249881029	0.173649000	0.033754110
148	0.249580145	0.173329000	0.034124136
149	0.250842094	0.172748000	0.034494877
150	0.251193047	0.171728000	0.034955978
151	0.248658180	0.172386000	0.034884930
152	0.254068851	0.178682000	0.034535170
153	0.248238087	0.173286000	0.034425020
154	0.246323109	0.170478000	0.034124136
155	0.250481844	0.174120000	0.033582926
156	0.258466959	0.178939000	0.034163952
157	0.248718023	0.173499000	0.034163952
158	0.254479170	0.176684000	0.036488056
159	0.254508972	0.176154000	0.035275936
160	0.251252890	0.174462000	0.033763885
161	0.251503944	0.175678000	0.035636902
162	0.252826929	0.175993000	0.036288023
163	0.248597860	0.171858000	0.033693075
164	0.248908997	0.172721000	0.033443213
165	0.249178886	0.173487000	0.033923864
166	0.267865181	0.187896000	0.035907030
167	0.246725082	0.171129000	0.035978079
168	0.250161171	0.171882000	0.033493996
169	0.258577108	0.179609000	0.034003973
170	0.249139071	0.173577000	0.034754992
171	0.264017105	0.184714000	0.034445047
172	0.258076191	0.180561000	0.033703804
173	0.251292944	0.175388000	0.035016060
174	0.249809980	0.173178000	0.034824848
175	0.259869099	0.176538000	0.038161039
176	0.249259949	0.174341000	0.034504890
177	0.246724844	0.170941000	0.033402920
178	0.251593828	0.174601000	0.033823013
179	0.275578976	0.182081000	0.036709070
180	0.264998913	0.179248000	0.034695148
181	0.247064829	0.171012000	0.033463001
182	0.254769087	0.175973000	0.035056114
183	0.248888969	0.172457000	0.035687923
184	0.252905846	0.174511000	0.034826040
185	0.247025013	0.171255000	0.061765909
186	0.338397980	0.180210000	0.034224033
187	0.249750137	0.173431000	0.033593893
188	0.248637915	0.172906000	0.035776854
189	0.249670029	0.173308000	0.034605026
190	0.247817039	0.171781000	0.034335136
191	0.251013041	0.174162000	0.034374952
192	0.254488945	0.175981000	0.034104109
193	0.250531912	0.174015000	0.034144878
194	0.248007059	0.171643000	0.033553123
195	0.289465189	0.181571000	0.034955978
196	0.260730982	0.178352000	0.036458015
197	0.250069857	0.174094000	0.034173965
198	0.253005981	0.176311000	0.035958052
199	0.244951963	0.169349000	0.035607100
200	0.252145052	0.174651000	0.033923864
201	0.249690056	0.173997000	0.034064054
202	0.258015871	0.181364000	0.035597086
203	0.251413822	0.174929000	0.033743858
204	0.257595062	0.180568000	0.034615040
205	0.263335943	0.185982000	0.034805059
206	0.253617048	0.177665000	0.037389994
207	0.251653910	0.175089000	0.035686970
208	0.249741077	0.174527000	0.033504009
209	0.250482082	0.173637000	0.033793926
210	0.265630007	0.187044000	0.034895897
211	0.251072884	0.175198000	0.038242102
212	0.254318953	0.176626000	0.033823967
213	0.252675056	0.175888000	0.033813953
214	0.252797127	0.176662000	0.034685135
215	0.250411034	0.173747000	0.035195827
216	0.247817039	0.172427000	0.034353971
217	0.245461941	0.170097000	0.033554077
218	0.255610943	0.177877000	0.034044027
219	0.248057127	0.173336000	0.034445047
220	0.259507895	0.177563000	0.036699772
221	0.262765169	0.177348000	0.090981007
222	0.267343998	0.180856000	0.037090063
223	0.254058838	0.175132000	0.035666943
224	0.247085094	0.171930000	0.034093857
225	0.256844044	0.176862000	0.033372879
226	0.248648167	0.173028000	0.033542871
227	0.248327971	0.173115000	0.034345150
228	0.249639988	0.172438000	0.034184933
229	0.258307219	0.176014000	0.036437988
230	0.245692968	0.170050000	0.034395218
231	0.252354860	0.175765000	0.036577940
232	0.247555971	0.172562000	0.034044027
233	0.246925116	0.172065000	0.034504890
234	0.253496885	0.173589000	0.033854008
235	0.254800081	0.177285000	0.034144163
236	0.260581017	0.178478000	0.036468983
237	0.260029078	0.177514000	0.034073830
238	0.249279022	0.172087000	0.036319017
239	0.244831085	0.169567000	0.037380219
240	0.252846003	0.176059000	0.034404993
241	0.252064943	0.176959000	0.035786867
242	0.258225918	0.177422000	0.036999941
243	0.255341053	0.175550000	0.033452988
244	0.250531912	0.174107000	0.033734083
245	0.252024889	0.178492000	0.035176992
246	0.249310017	0.173126000	0.035766840
247	0.249259949	0.172783000	0.037150145
248	0.251212835	0.175700000	0.034625053
249	0.253146887	0.176645000	0.034495115
250	0.250602007	0.174407000	0.035096169
251	0.255220890	0.175471000	0.035866976
252	0.247156143	0.171546000	0.033923864
253	0.252635002	0.175853000	0.034565926
254	0.253146887	0.175742000	0.035687208
255	0.250673056	0.174459000	0.035336971
256	0.245933056	0.170282000	0.033051968
257	0.250741959	0.174869000	0.033643007
258	0.252104044	0.175340000	0.033772945
259	0.247445822	0.172694000	0.034193993
260	0.248057127	0.173493000	0.034404993
261	0.252496004	0.175101000	0.033803225
262	0.252084970	0.175945000	0.034374952
263	0.259608984	0.177234000	0.037451029
264	0.259428978	0.177496000	0.036237955
265	0.256032944	0.176556000	0.034193993
266	0.254628897	0.177822000	0.034274817
267	0.250871897	0.174468000	0.034073830
268	0.255151033	0.176157000	0.034365177
269	0.260489941	0.178035000	0.036818981
270	0.261532068	0.176852000	0.034105062
271	0.259989977	0.181353000	0.034714937
272	0.251964092	0.174849000	0.033954144
273	0.247516155	0.172397000	0.034275055
274	0.250652075	0.174951000	0.034034014
275	0.251363039	0.174742000	0.033563852
276	0.258126020	0.177039000	0.033854008
277	0.246865034	0.171894000	0.034905910
278	0.263116121	0.178779000	0.037710905
279	0.259870052	0.175562000	0.034324884
280	0.250652075	0.174100000	0.034384966
281	0.254819870	0.175163000	0.034305096
282	0.248198032	0.173401000	0.034806013
283	0.253808022	0.176893000	0.033463001
284	0.256684065	0.179375000	0.035236120
285	0.249820232	0.174315000	0.034224033
286	0.251724005	0.175653000	0.035526991
287	0.247075081	0.171322000	0.034323931
288	0.285247087	0.207349000	0.033894062
289	0.248878002	0.173886000	0.034455061
290	0.251282930	0.175613000	0.034785032
291	0.255471945	0.176550000	0.034595013
292	0.245812893	0.170503000	0.033854008
293	0.250751972	0.174140000	0.033753157
294	0.253557920	0.177026000	0.035356998
295	0.245812893	0.171097000	0.035246849
296	0.246715069	0.171805000	0.033082962
297	0.250322104	0.174943000	0.033582926
298	0.251122952	0.173450000	0.034134150
299	0.246544123	0.171584000	0.033943892
300	0.246725082	0.171737000	0.034614801
301	0.250020027	0.170547000	0.033542871
302	0.250662088	0.173987000	0.035086155
303	0.247977018	0.172395000	0.034845114
304	0.247926950	0.173287000	0.035407066
305	0.249830961	0.172305000	0.033293009
306	0.250272036	0.173790000	0.033803940
307	0.247797012	0.172506000	0.033803940
308	0.253077030	0.172863000	0.034013987
309	0.247466087	0.172667000	0.034645081
310	0.255200863	0.174007000	0.034344912
311	0.249921083	0.174235000	0.034906149
312	0.249198914	0.174179000	0.034303904
313	0.249840021	0.174068000	0.034344196
314	0.245512009	0.170312000	0.037631035
315	0.251234055	0.175037000	0.033864021
316	0.249129057	0.173114000	0.034293890
317	0.251744032	0.176482000	0.034364939
318	0.256193161	0.176783000	0.035516977
319	0.244621038	0.169887000	0.034795046
320	0.251472950	0.175148000	0.033813000
321	0.252094984	0.174331000	0.034584999
322	0.253677845	0.177837000	0.035336018
323	0.273815870	0.191506000	0.035897970
324	0.296056986	0.219824000	0.035365820
325	0.256702900	0.180421000	0.035215855
326	0.252987146	0.176620000	0.037880898
327	0.249369144	0.172753000	0.039194107
328	0.256532907	0.180032000	0.034465075
329	0.254539013	0.178116000	0.034804821
330	0.250491142	0.174488000	0.034295082
331	0.256252050	0.177816000	0.034615040
332	0.245982885	0.170928000	0.033522844
333	0.251123190	0.175179000	0.033573151
334	0.251122952	0.175344000	0.034815073
335	0.247095108	0.171863000	0.035106897
336	0.247786999	0.171688000	0.033152103
337	0.249420166	0.173563000	0.033612967
338	0.255370855	0.178017000	0.034054041
339	0.247495890	0.172464000	0.034133911
340	0.248267174	0.172431000	0.034765005
341	0.249930859	0.173365000	0.033602953
342	0.250692129	0.173886000	0.034924984
343	0.247115135	0.172176000	0.034705162
344	0.249390125	0.173205000	0.035626888
345	0.246342897	0.170989000	0.033353090
346	0.249230146	0.173237000	0.034024000
347	0.247004986	0.172388000	0.033934116
348	0.249840021	0.172806000	0.034415007
349	0.258375883	0.176574000	0.036678791
350	0.260149956	0.175648000	0.034564972
351	0.323178053	0.176262000	0.051517010
352	0.324662209	0.177802000	0.046398163
353	0.321695805	0.177467000	0.090260029
354	0.267062902	0.173069000	0.032490969
355	0.249028921	0.171200000	0.034765959
356	0.255770922	0.174542000	0.032841921
357	0.260190010	0.170560000	0.045375824
358	0.250602007	0.171953000	0.034945965
359	0.239791870	0.169911000	0.034744978
360	0.249178886	0.172009000	0.035446882
361	0.248548031	0.171315000	0.034775019
362	0.238449097	0.169382000	0.035647154
363	0.242476940	0.170299000	0.034744978
364	0.238089085	0.169588000	0.033041954
365	0.245362043	0.171424000	0.035146952
366	0.245903015	0.171310000	0.034534931
367	0.258557081	0.171555000	0.051126003
368	0.249230146	0.172463000	0.033141851
369	0.251031876	0.172042000	0.032270908
370	0.243387938	0.173182000	0.049884081
371	0.267003059	0.171830000	0.035287142
372	0.246865034	0.169631000	0.034024000
373	0.252405167	0.176244000	0.033602953
374	0.252815962	0.173018000	0.039103985
375	0.245292187	0.170690000	0.035356998
376	0.242757082	0.169865000	0.034235001
377	0.251653910	0.174931000	0.044723988
378	0.256222010	0.175473000	0.035075903
379	0.242054939	0.171436000	0.035456896
380	0.247756004	0.174562000	0.034473896
381	0.241664886	0.169159000	0.034925222
382	0.241955996	0.170535000	0.034304857
383	0.246994972	0.171290000	0.040677071
384	0.240162134	0.169803000	0.033532858
385	0.239712000	0.168154000	0.033783197
386	0.255300999	0.173253000	0.035257101
387	0.286590099	0.209166000	0.044654131
388	0.252434969	0.174152000	0.033663988
389	0.245112181	0.169694000	0.034755945
390	0.266310930	0.180860000	0.034465075
391	0.248777866	0.172905000	0.033993959
392	0.248848915	0.172449000	0.034084082
393	0.314091921	0.177811000	0.060492992
394	0.321835995	0.175673000	0.043591976
395	0.353696108	0.183281000	0.055494070
396	0.315042973	0.177643000	0.035938025
397	0.255501986	0.173301000	0.034415007
398	0.244920969	0.169582000	0.035727024
399	0.242265940	0.171793000	0.050635099
400	0.246033192	0.172079000	0.034224987
401	0.244340897	0.171580000	0.034904957
402	0.248558044	0.175804000	0.034043789
403	0.263304949	0.174467000	0.036567926
404	0.243699074	0.172586000	0.032401085
405	0.257325172	0.174049000	0.034716129
406	0.246544123	0.173228000	0.034705162
407	0.245651960	0.169853000	0.036389112
408	0.240974188	0.171002000	0.033912897
409	0.274096012	0.202469000	0.033673048
410	0.245642185	0.171639000	0.033021927
411	0.239861965	0.170340000	0.034093857
412	0.245903015	0.172159000	0.039875031
413	0.250651836	0.171902000	0.033012152
414	0.243227959	0.170775000	0.034696102
415	0.246484041	0.171308000	0.036118031
416	0.237708092	0.168736000	0.033644199
417	0.250771999	0.173211000	0.032310963
418	0.247666836	0.172926000	0.035958052
419	0.273255110	0.175779000	0.040786028
420	0.257043839	0.175790000	0.035948038
421	0.241574049	0.170093000	0.032841921
422	0.251793861	0.173745000	0.043521881
423	0.273545980	0.175922000	0.035557032
424	0.254029036	0.176508000	0.035095930
425	0.245712042	0.170852000	0.034124851
426	0.269657850	0.175193000	0.033973932
427	0.257303953	0.174348000	0.034224033
428	0.246553898	0.172045000	0.033612967
429	0.244190216	0.171464000	0.032480955
430	0.242045879	0.171266000	0.033632994
431	0.239250183	0.169340000	0.035516977
432	0.247886896	0.171227000	0.034103870
433	0.243909121	0.171246000	0.033833981
434	0.242105961	0.168155000	0.032571077
435	0.240123034	0.170096000	0.032912016
436	0.266602039	0.173433000	0.038643122
437	0.250520945	0.172862000	0.034263849
438	0.245281935	0.170753000	0.032290936
439	0.246013165	0.173560000	0.045576096
440	0.253186941	0.174322000	0.032992125
441	0.251052856	0.171735000	0.035696983
442	0.293162107	0.171614000	0.037119865
443	0.256874084	0.174149000	0.033062220
444	0.241896152	0.171576000	0.034775972
445	0.242587090	0.170657000	0.039834976
446	0.267202854	0.175087000	0.036067963
447	0.241093874	0.169010000	0.033902884
448	0.240874052	0.170264000	0.033663988
449	0.261092186	0.174550000	0.038061142
450	0.253878117	0.173851000	0.033993959
451	0.251223087	0.173064000	0.033874035
452	0.250540972	0.173784000	0.034034014
453	0.268585920	0.174747000	0.034445047
454	0.255101204	0.174289000	0.035217047
455	0.242936850	0.171522000	0.042599916
456	0.266391039	0.172776000	0.034864902
457	0.246333838	0.172943000	0.032832146
458	0.245862961	0.170916000	0.034794807
459	0.279446125	0.173195000	0.039173841
460	0.253336906	0.171739000	0.032011032
461	0.249390125	0.173819000	0.031830072
462	0.248097181	0.174279000	0.035075903
463	0.238989830	0.169516000	0.035897970
464	0.241846085	0.170624000	0.034255028
465	0.263836861	0.174336000	0.035185814
466	0.273946047	0.176164000	0.037019968
467	0.251374006	0.174072000	0.032891989
468	0.254810095	0.175280000	0.053550959
469	0.266381025	0.179229000	0.035947084
470	0.262243986	0.179230000	0.034544945
471	0.247465849	0.172212000	0.035497189
472	0.271390915	0.175211000	0.035006046
473	0.249299049	0.173067000	0.034865856
474	0.248358011	0.171965000	0.034103870
475	0.309663057	0.175523000	0.034344912
476	0.250030994	0.174329000	0.034364939
477	0.250450850	0.174405000	0.035115957
478	0.250211000	0.172357000	0.034325123
479	0.250220776	0.174170000	0.035186052
480	0.261431932	0.178936000	0.036519051
481	0.254810095	0.177293000	0.052047968
482	0.269186974	0.182884000	0.038452148
483	0.261181831	0.179045000	0.034204960
484	0.257565022	0.180615000	0.035367012
485	0.257776022	0.179039000	0.035456896
486	0.251572847	0.176102000	0.038992882
487	0.247946978	0.172346000	0.035437107
488	0.277120829	0.180771000	0.036198854
489	0.268374920	0.182488000	0.034574986
490	0.248878002	0.174317000	0.034524918
491	0.251363039	0.172960000	0.034093857
492	0.247946978	0.172876000	0.033723831
493	0.249430180	0.173566000	0.034024000
494	0.248567820	0.172374000	0.053680897
495	0.266270876	0.180088000	0.038331985
496	0.259618998	0.177004000	0.034034014
497	0.251403809	0.174292000	0.033854008
498	0.255741119	0.175079000	0.035476923
499	0.250211954	0.173617000	0.034334898
500	0.248628855	0.172137000	0.033383131
501	0.254980087	0.177376000	0.034044027
502	0.248708010	0.173649000	0.035086155
503	0.247565985	0.171970000	0.036359072
504	0.250282049	0.175762000	0.036738873
505	0.251975060	0.176545000	0.034305096
506	0.255131006	0.178959000	0.035727978
507	0.253587961	0.178120000	0.035065889
508	0.266901970	0.180222000	0.034896135
509	0.264056921	0.181497000	0.036608934
510	0.268946886	0.184569000	0.038262129
511	0.287871838	0.209529000	0.035657167
512	0.249200106	0.173926000	0.034385204
513	0.247296095	0.172132000	0.034574986
514	0.266021013	0.173786000	0.036338091
515	0.265740156	0.180124000	0.036037922
516	0.250672102	0.174832000	0.034836054
517	0.255942106	0.175779000	0.036628962
518	0.248137951	0.171431000	0.034475088
519	0.249129057	0.173586000	0.035186052
520	0.249549866	0.173636000	0.034724951
521	0.251754999	0.175382000	0.034134150
522	0.248167992	0.172428000	0.034836054
523	0.246343851	0.170944000	0.034084082
524	0.256102085	0.177669000	0.034205198
525	0.248177052	0.173291000	0.034193993
526	0.249310017	0.173400000	0.036939859
527	0.263355970	0.171410000	0.039083958
528	0.258537054	0.177798000	0.034465075
529	0.251403093	0.175201000	0.034514904
530	0.249610186	0.174025000	0.036387920
531	0.252665997	0.172455000	0.033704042
532	0.252805948	0.175297000	0.034384966
533	0.250472069	0.174630000	0.034274817
534	0.259629011	0.179267000	0.035757065
535	0.248749018	0.172887000	0.036168098
536	0.249370098	0.173300000	0.033934116
537	0.252786160	0.176491000	0.034534931
538	0.296969175	0.220109000	0.038080931
539	0.253838062	0.178496000	0.035476923
540	0.248137951	0.172528000	0.034686089
541	0.248327017	0.173888000	0.033883810
542	0.254258871	0.175845000	0.034704924
543	0.255981922	0.176008000	0.036689043
544	0.258936882	0.178466000	0.034504890
545	0.244369984	0.170010000	0.034084082
546	0.248027086	0.173058000	0.034574986
547	0.250541925	0.174647000	0.035026073
548	0.253858089	0.173889000	0.034755945
549	0.258888006	0.176219000	0.033493042
550	0.252315998	0.176795000	0.036428928
551	0.258245945	0.177055000	0.039072990
552	0.250881910	0.175043000	0.034264088
553	0.250290871	0.174719000	0.035696983
554	0.254970074	0.173854000	0.033983946
555	0.250761986	0.174631000	0.034204006
556	0.249440193	0.174262000	0.034445047
557	0.269757986	0.175719000	0.036567926
558	0.262584925	0.177217000	0.034865856
559	0.247886896	0.172766000	0.034886122
560	0.250692129	0.175388000	0.034155130
561	0.247276068	0.172988000	0.035066128
562	0.245452881	0.170570000	0.033632994
563	0.247616053	0.173558000	0.033632994
564	0.251121998	0.173960000	0.033813000
565	0.258938074	0.177719000	0.036388159
566	0.259740114	0.177557000	0.035125971
567	0.265369892	0.174919000	0.036398888
568	0.265060186	0.179662000	0.033674002
569	0.247866869	0.173259000	0.034183979
570	0.268414974	0.174096000	0.036648989
571	0.262654066	0.177516000	0.035607100
572	0.250792027	0.174611000	0.034013987
573	0.293983936	0.218882000	0.035225868
574	0.249179125	0.174034000	0.034846067
575	0.259207964	0.176873000	0.037822008
576	0.262134075	0.176634000	0.052408934
577	0.265671015	0.179773000	0.036148071
578	0.259339094	0.177224000	0.034514904
579	0.247014999	0.172174000	0.035196066
580	0.251713991	0.175078000	0.033463001
581	0.249840021	0.173791000	0.033883095
582	0.248708963	0.172877000	0.034504890
583	0.273163795	0.177518000	0.037420034
584	0.264847994	0.179059000	0.037039995
585	0.245532036	0.170425000	0.033772945
586	0.255590916	0.177253000	0.034955978
587	0.259027958	0.177029000	0.036397934
588	0.253787994	0.174888000	0.034916162
589	0.244651079	0.169895000	0.033222914
590	0.254289150	0.175302000	0.034626007
591	0.259930134	0.177629000	0.037289858
592	0.259949923	0.177775000	0.034245014
593	0.249260187	0.173080000	0.033132792
594	0.249449968	0.173546000	0.033682823
595	0.259708881	0.178411000	0.034814835
596	0.250422001	0.173778000	0.034765959
597	0.247495890	0.172614000	0.034475088
598	0.257996082	0.175749000	0.036738873
599	0.264248133	0.178888000	0.052348852
600	0.263687134	0.179219000	0.036407948
601	0.258897066	0.176793000	0.034235001
602	0.247045040	0.171042000	0.033683062
603	0.274906874	0.179561000	0.036478996
604	0.260941029	0.178167000	0.034815073
605	0.247827053	0.172828000	0.034595966
606	0.307719946	0.173779000	0.035758018
607	0.245472908	0.170131000	0.035757780
608	0.250190973	0.174168000	0.033712864
609	0.255671978	0.175522000	0.034354925
610	0.261632919	0.179511000	0.036859035
611	0.251303911	0.173858000	0.034836054
612	0.252535105	0.176853000	0.035156012
613	0.249340057	0.173288000	0.034153938
614	0.254798889	0.175550000	0.035457134
615	0.245462179	0.171022000	0.035206079
616	0.262144089	0.176278000	0.036177874
617	0.259559155	0.177240000	0.033763885
618	0.252775908	0.176956000	0.034885883
619	0.260519981	0.181372000	0.035476923
620	0.250843048	0.175454000	0.034064054
621	0.251353025	0.174459000	0.034704924
622	0.249819994	0.173952000	0.035265923
623	0.246474028	0.171453000	0.036237955
624	0.253507137	0.174811000	0.034845114
625	0.246914864	0.171699000	0.033463001
626	0.254779816	0.176780000	0.034816027
627	0.246104002	0.172698000	0.034235001
628	0.248266935	0.173188000	0.034514904
629	0.258847952	0.172958000	0.036087990
630	0.265901089	0.180193000	0.040365934
631	0.250261068	0.173877000	0.038783073
632	0.256613016	0.178499000	0.035025835
633	0.250912905	0.174757000	0.033793926
634	0.256333113	0.179541000	0.034184933
635	0.250442028	0.174679000	0.034965992
636	0.282462120	0.180545000	0.036618948
637	0.260450125	0.177762000	0.035306931
638	0.247144938	0.171445000	0.034525156
639	0.286458969	0.209659000	0.035336971
640	0.251402855	0.175231000	0.034646034
641	0.250902891	0.175481000	0.034986019
642	0.253287077	0.174993000	0.033352852
643	0.251092911	0.174111000	0.034625053
644	0.250893116	0.174061000	0.033943176
645	0.254729986	0.178641000	0.036248922
646	0.250632048	0.174187000	0.036208153
647	0.246163845	0.171080000	0.035305977
648	0.250912905	0.174800000	0.034173965
649	0.252716064	0.174823000	0.034796000
650	0.248958826	0.173177000	0.034635067
651	0.246324062	0.170536000	0.034154892
652	0.254098892	0.176261000	0.033933878
653	0.260700941	0.178325000	0.036548853
654	0.253356934	0.174909000	0.035367012
655	0.248968840	0.173555000	0.035788059
656	0.251724958	0.174382000	0.033953905
657	0.250812054	0.174565000	0.034655094
658	0.253067017	0.175924000	0.035245895
659	0.250041008	0.172906000	0.034666061
660	0.247226000	0.170625000	0.033543110
661	0.251142979	0.174423000	0.034224987
662	0.260761023	0.177665000	0.035095930
663	0.259178162	0.176775000	0.037080050
664	0.245141983	0.170201000	0.033993959
665	0.252645969	0.176056000	0.033874035
666	0.251123190	0.174910000	0.034313917
667	0.250041008	0.174632000	0.034173965
668	0.248888969	0.173501000	0.034965992
669	0.249469995	0.174352000	0.033742905
670	0.249750137	0.173223000	0.034914970
671	0.246593952	0.171564000	0.034644842
672	0.287070036	0.210029000	0.034794807
673	0.259458065	0.176723000	0.035797119
674	0.266721964	0.180408000	0.033893108
675	0.250652075	0.175710000	0.034084082
676	0.259319067	0.177569000	0.036648989
677	0.252937078	0.174520000	0.034836054
678	0.246835232	0.170944000	0.037791014
679	0.255922079	0.176893000	0.036038160
680	0.252376080	0.175473000	0.034755945
681	0.247256041	0.172877000	0.034595013
682	0.253057003	0.173419000	0.034826040
683	0.250941992	0.174924000	0.034003973
684	0.251583099	0.175892000	0.033994198
685	0.251214027	0.175359000	0.034515142
686	0.249339819	0.173149000	0.035506964
687	0.256652832	0.174680000	0.036468983
688	0.260700941	0.178676000	0.037329912
689	0.250010014	0.173806000	0.034455061
690	0.260370016	0.177893000	0.036709070
691	0.256703138	0.175543000	0.033973932
692	0.253247023	0.176580000	0.034084082
693	0.250090837	0.174116000	0.034785986
694	0.249329090	0.173828000	0.035836935
695	0.252835989	0.172205000	0.034695148
696	0.251523972	0.175044000	0.034665108
697	0.249108791	0.174219000	0.034534931
698	0.249269009	0.173588000	0.038111925
699	0.260500908	0.178923000	0.037149906
700	0.257375002	0.175023000	0.033894062
701	0.249901056	0.173901000	0.034574986
702	0.290166140	0.214381000	0.035868168
703	0.248298168	0.172507000	0.035526991
704	0.247626066	0.171327000	0.033854008
705	0.253176928	0.176304000	0.034534931
706	0.250651836	0.174339000	0.034754992
707	0.248507977	0.173087000	0.034925938
708	0.251574039	0.176020000	0.035566807
709	0.246705055	0.171127000	0.034184933
710	0.250672102	0.174740000	0.035326958
711	0.248007059	0.172389000	0.035145998
712	0.251724005	0.173839000	0.034754992
713	0.246394157	0.171072000	0.033903837
714	0.251093149	0.174429000	0.034495115
715	0.319632053	0.241278000	0.034534931
716	0.248598099	0.173947000	0.034544945
717	0.260581017	0.178425000	0.035286188
718	0.247515917	0.172425000	0.034534931
719	0.261623144	0.178643000	0.037410975
720	0.252354860	0.175819000	0.034183979
721	0.250401020	0.175481000	0.036949873
722	0.246965170	0.171520000	0.033973932
723	0.249720097	0.173777000	0.034154177
724	0.248126984	0.172889000	0.034125090
725	0.252967119	0.174237000	0.034454823
726	0.247226000	0.171934000	0.035406113
727	0.245601892	0.170312000	0.034804821
728	0.253347158	0.174739000	0.034424067
729	0.249991179	0.175294000	0.034976006
730	0.250701904	0.175305000	0.036108017
731	0.244290113	0.169524000	0.037651062
732	0.267364025	0.183282000	0.036218166
733	0.260871887	0.177522000	0.034554958
734	0.256863832	0.176242000	0.035145998
735	0.247014999	0.171554000	0.034244061
736	0.247375965	0.172636000	0.034164906
737	0.259880066	0.177607000	0.036187887
738	0.261152029	0.179733000	0.034884930
739	0.259278059	0.177197000	0.036780119
740	0.263154984	0.177612000	0.033463001
741	0.254379034	0.177093000	0.033993959
742	0.251123190	0.174639000	0.035006046
743	0.258296013	0.176508000	0.037680864
744	0.264598131	0.177285000	0.035757065
745	0.249700069	0.173992000	0.034134150
746	0.249228954	0.173217000	0.034915924
747	0.259629011	0.177345000	0.034365177
748	0.294074059	0.174992000	0.035096884
749	0.247495890	0.171923000	0.033823013
750	0.252173901	0.175281000	0.034935951
751	0.251203060	0.175392000	0.035486937
752	0.259890079	0.177956000	0.036758900
753	0.253567934	0.173218000	0.033373117
754	0.253057003	0.175085000	0.033934116
755	0.260811090	0.178406000	0.037230015
756	0.250952005	0.173529000	0.034664869
757	0.247856140	0.172023000	0.034836054
758	0.253197193	0.173744000	0.036077976
759	0.248667955	0.172271000	0.035055876
760	0.255712032	0.175917000	0.034324884
761	0.252425909	0.175710000	0.034756184
762	0.246714115	0.170618000	0.033643007
763	0.252224922	0.176575000	0.034704924
764	0.266201973	0.175668000	0.035556793
765	0.250691891	0.174501000	0.034644842
766	0.247365952	0.172022000	0.035727978
767	0.249881029	0.173992000	0.037992001
768	0.257213831	0.179137000	0.035166979
769	0.253618002	0.178145000	0.035087109
770	0.261553049	0.179192000	0.035547018
771	0.255570889	0.175999000	0.033713818
772	0.250833035	0.174800000	0.033983946
773	0.248837948	0.173639000	0.034625053
774	0.248819113	0.173567000	0.035516977
775	0.258275986	0.175835000	0.036409140
776	0.250983000	0.174467000	0.033874035
777	0.248697996	0.173451000	0.034064054
778	0.253577948	0.177114000	0.035176039
779	0.259749174	0.178197000	0.035547018
780	0.248157024	0.172358000	0.033923864
781	0.257233858	0.178907000	0.034765005
782	0.251683950	0.176334000	0.035206079
783	0.248628139	0.173147000	0.036569118
784	0.251564026	0.174453000	0.034065008
785	0.251072168	0.174733000	0.034524918
786	0.250571966	0.174588000	0.034204006
787	0.252024889	0.175961000	0.035145998
788	0.252785921	0.176722000	0.034986019
789	0.247215033	0.170764000	0.034094095
790	0.252205133	0.175691000	0.035486937
791	0.249709845	0.172312000	0.036719084
792	0.248869181	0.173027000	0.034504890
793	0.250500917	0.172404000	0.033573151
794	0.256081820	0.179055000	0.034344912
795	0.250992060	0.174945000	0.034494877
796	0.250322104	0.173695000	0.035237074
797	0.248477936	0.172736000	0.033673048
798	0.626109123	0.438564000	0.070111990
799	0.418968916	0.304939000	0.034664869
800	0.253376961	0.177981000	0.034103870
801	0.247495890	0.172227000	0.034335136
802	0.251374006	0.172305000	0.035377026
803	0.246875048	0.171426000	0.036408901
804	0.245212078	0.170271000	0.034034014
805	0.248678923	0.173241000	0.035658121
806	0.252035141	0.172096000	0.034544945
807	0.247134924	0.172563000	0.035475969
808	0.247766972	0.171995000	0.040296078
809	0.265208960	0.173813000	0.035115957
810	0.250221014	0.174328000	0.034544945
811	0.250442028	0.173320000	0.036509037
812	0.251393080	0.174693000	0.036027908
813	0.245342016	0.169664000	0.033813000
814	0.251894951	0.176154000	0.034484863
815	0.245091200	0.171488000	0.035877943
816	0.254168034	0.176939000	0.034714937
817	0.244359970	0.170420000	0.035006046
818	0.247816086	0.172595000	0.034114122
819	0.270970106	0.176422000	0.034615040
820	0.247085094	0.172726000	0.034976006
821	0.247697115	0.172338000	0.035928011
822	0.248648167	0.173686000	0.034886122
823	0.250452042	0.174590000	0.035176039
824	0.246002913	0.171394000	0.034294128
825	0.244720936	0.170604000	0.034905910
826	0.259268045	0.171910000	0.034044027
827	0.276460886	0.176361000	0.035176992
828	0.251302958	0.174249000	0.034445047
829	0.356411219	0.176565000	0.047288895
830	0.318459988	0.173819000	0.045144796
831	0.324280977	0.177489000	0.044664145
832	0.290997982	0.175778000	0.034906149
833	0.242156029	0.170253000	0.034505129
834	0.241313934	0.170822000	0.035787106
835	0.262294054	0.171378000	0.036118031
836	0.247416019	0.171268000	0.033513069
837	0.380947828	0.279672000	0.077135086
838	0.479573965	0.367696000	0.062107086
839	0.450327873	0.348689000	0.036919832
840	0.244951010	0.169627000	0.037230015
841	0.239962101	0.167613000	0.033152103
842	0.253318071	0.177617000	0.067898035
843	0.329741001	0.178421000	0.046287060
844	0.325482845	0.177307000	0.046166897
845	0.309211969	0.178756000	0.034976006
846	0.248208046	0.172215000	0.034415007
847	0.250761986	0.174532000	0.034485102
848	0.286329985	0.201502000	0.036118031
849	0.248448133	0.173046000	0.034574986
850	0.252194881	0.175060000	0.034075022
851	0.255310059	0.178035000	0.035587072
852	0.248739004	0.173407000	0.034425020
853	0.248087168	0.173029000	0.035426855
854	0.248126984	0.172443000	0.034003973
855	0.260360003	0.175729000	0.036108017
856	0.252184868	0.175815000	0.034354925
857	0.247886896	0.172501000	0.036439180
858	0.251864910	0.174738000	0.033782959
859	0.250381947	0.174611000	0.034064054
860	0.252274990	0.175963000	0.034294128
861	0.251132965	0.176292000	0.036578894
862	0.256253004	0.177407000	0.036409140
863	0.247455835	0.171303000	0.035217047
864	0.249370098	0.173609000	0.034084082
865	0.255630970	0.176002000	0.035206079
866	0.250983000	0.175371000	0.034605026
867	0.245661974	0.170445000	0.036948919
868	0.259248018	0.175689000	0.034234047
869	0.251363039	0.175209000	0.035737038
870	0.247045040	0.172023000	0.035445929
871	0.255440950	0.179038000	0.034814835
872	0.246945143	0.172252000	0.034074068
873	0.247946978	0.172364000	0.034996033
874	0.248317003	0.173218000	0.034415007
875	0.254420042	0.177731000	0.036197901
876	0.245983124	0.171681000	0.034465075
877	0.250602007	0.175024000	0.034965992
878	0.255620956	0.179197000	0.034775972
879	0.247817039	0.172667000	0.036388874
880	0.250300884	0.174531000	0.034163952
881	0.268745899	0.183279000	0.038411856
882	0.267973900	0.182928000	0.035997868
883	0.250131130	0.174891000	0.035526991
884	0.250622034	0.175182000	0.050716162
885	0.262524128	0.176904000	0.039134026
886	0.255400896	0.177310000	0.034615040
887	0.252454996	0.176874000	0.035878181
888	0.253927946	0.174549000	0.035457134
889	0.248207092	0.172451000	0.034064054
890	0.251374006	0.175241000	0.034193993
891	0.252935886	0.176841000	0.036248922
892	0.250691891	0.175034000	0.034884930
893	0.248587847	0.173552000	0.036087990
894	0.247096062	0.171737000	0.065833807
895	0.338217020	0.178917000	0.045655966
896	0.323087931	0.179617000	0.045244932
897	0.328589201	0.181634000	0.036017179
898	0.243057013	0.170316000	0.032850981
899	0.251884937	0.173985000	0.038572073
900	0.275819063	0.174633000	0.039505005
901	0.252965927	0.173246000	0.035376072
902	0.249198914	0.174553000	0.034685135
903	0.264618874	0.174870000	0.038552999
904	0.265489817	0.176129000	0.034394979
905	0.249439955	0.174776000	0.036728859
906	0.242537022	0.171155000	0.034044027
907	0.259227991	0.170302000	0.034334898
908	0.255350828	0.176581000	0.034034014
909	0.245793104	0.171863000	0.034674883
910	0.259688854	0.175883000	0.040235043
911	0.253647804	0.173295000	0.035376072
912	0.250802040	0.174525000	0.035015821
913	0.252756119	0.176458000	0.033663988
914	0.267714024	0.177974000	0.036628962
915	0.245803118	0.173545000	0.036789894
916	0.246555090	0.171746000	0.059361935
917	0.259258032	0.175145000	0.037950993
918	0.251614094	0.174171000	0.036237955
919	0.284846067	0.176587000	0.034915924
920	0.292670965	0.178299000	0.034605026
921	0.250121117	0.173741000	0.037882090
922	0.250172138	0.174496000	0.034754992
923	0.273575068	0.180209000	0.036267996
924	0.260230064	0.177585000	0.035135984
925	0.249850035	0.173555000	0.035806894
926	0.276010036	0.182036000	0.036367893
927	0.259538889	0.176918000	0.035296917
928	0.247596025	0.172678000	0.034816027
929	0.256392002	0.179653000	0.035065889
930	0.250811815	0.173281000	0.034595013
931	0.248859167	0.173307000	0.034113884
932	0.249849796	0.174117000	0.040555954
933	0.250892878	0.173367000	0.036269188
934	0.248979092	0.171724000	0.034193993
935	0.253516912	0.174898000	0.035466909
936	0.272743940	0.195310000	0.034955978
937	0.248959064	0.172856000	0.035115957
938	0.248017073	0.172094000	0.033904076
939	0.257144928	0.177353000	0.035988092
940	0.249408960	0.173355000	0.034584999
941	0.246574163	0.171922000	0.035516977
942	0.246694803	0.171482000	0.043132067
943	0.248126984	0.171772000	0.033843040
944	0.254569054	0.176836000	0.034304142
945	0.248317957	0.172578000	0.039044142
946	0.273864985	0.183148000	0.036949158
947	0.259588957	0.175893000	0.038441896
948	0.254509211	0.174722000	0.034855843
949	0.254829884	0.175902000	0.036428928
950	0.251794100	0.175830000	0.034765005
951	0.246124029	0.170831000	0.034986019
952	0.253978014	0.176486000	0.035516977
953	0.249800920	0.174248000	0.035035849
954	0.247385979	0.171817000	0.034744978
955	0.247665882	0.172528000	0.035045862
956	0.271211147	0.179392000	0.035135984
957	0.259128094	0.177665000	0.035516977
958	0.248167038	0.172437000	0.034495115
959	0.255641937	0.179027000	0.035857916
960	0.244360924	0.169459000	0.033884048
961	0.249870062	0.173481000	0.034345150
962	0.257233858	0.179430000	0.034634829
963	0.248487949	0.173286000	0.035768032
964	0.250260830	0.174438000	0.034805059
965	0.245141029	0.169931000	0.034846067
966	0.334760904	0.207382000	0.035216093
967	0.252765894	0.177377000	0.034926176
968	0.247906923	0.172708000	0.035648108
969	0.252876043	0.177259000	0.035315990
970	0.245822906	0.170984000	0.035758018
971	0.248788834	0.172691000	0.034315109
972	0.274707079	0.179255000	0.036679029
973	0.249490023	0.174048000	0.034894943
974	0.243979216	0.169297000	0.035135984
975	0.254620075	0.178207000	0.036298037
976	0.249810934	0.173871000	0.035746813
977	0.247476101	0.172469000	0.035647154
978	0.247987032	0.171965000	0.034095049
979	0.258806944	0.181392000	0.035235882
980	0.251043081	0.174806000	0.035537004
981	0.249629974	0.174081000	0.035046101
982	0.259608984	0.178099000	0.036348104
983	0.246874809	0.171272000	0.034845114
984	0.252825975	0.176014000	0.035336018
985	0.272362947	0.184411000	0.037339926
986	0.251985073	0.176336000	0.036257982
987	0.249390125	0.172535000	0.034825087
988	0.250141144	0.174251000	0.035666943
989	0.265180111	0.185564000	0.035115957
990	0.250121117	0.174239000	0.035075903
991	0.250411987	0.174962000	0.035587072
992	0.271250963	0.176410000	0.036189079
993	0.253668070	0.177213000	0.034404993
994	0.250230789	0.174568000	0.035907984
995	0.266491890	0.174351000	0.035797119
996	0.251564026	0.174780000	0.034435034
997	0.252385139	0.175998000	0.034584999
998	0.250340939	0.174523000	0.040796995
999	0.248718023	0.173578000	0.035657167
1000	0.248037100	0.172863000	0.035958052
1001	0.244309902	0.169911000	0.034696102
1002	0.260640860	0.183688000	0.034925938
1003	0.249890089	0.174740000	0.035166025
1004	0.248157024	0.172783000	0.036188126
1005	0.269577980	0.176736000	0.034424067
1006	0.250292063	0.173911000	0.035607100
1007	0.248588085	0.173340000	0.034675121
1008	0.252815962	0.177034000	0.036388874
1009	0.249370098	0.173015000	0.033813953
1010	0.248868942	0.173070000	0.034914970
1011	0.250752926	0.174588000	0.035346031
1012	0.253306866	0.178146000	0.036659002
1013	0.247675896	0.172355000	0.035127163
1014	0.248448133	0.172587000	0.034085035
1015	0.281220198	0.201408000	0.035166025
1016	0.249369144	0.174131000	0.037179947
1017	0.250722885	0.175803000	0.035495996
1018	0.254038811	0.177625000	0.036558867
1019	0.248919010	0.172827000	0.034734964
1020	0.249029160	0.173185000	0.034615040
1021	0.251673937	0.175211000	0.034986019
1022	0.253015995	0.176315000	0.035948038
1023	0.246855021	0.171531000	0.034655094
1024	0.250501871	0.174532000	0.035305977
1025	0.253126144	0.177884000	0.034755945
1026	0.247324944	0.172368000	0.035506964
1027	0.247545958	0.171763000	0.033863783
1028	0.252384901	0.176419000	0.036008120
1029	0.249028921	0.173146000	0.034365177
1030	0.246414185	0.171924000	0.036058187
1031	0.247746944	0.171861000	0.034855127
1032	0.247577190	0.170539000	0.034394026
1033	0.249510050	0.174021000	0.034304857
1034	0.248367071	0.172668000	0.035797119
1035	0.252875805	0.176856000	0.035477161
1036	0.246814013	0.170653000	0.034806013
1037	0.249099016	0.173409000	0.034404993
1038	0.249709845	0.174631000	0.035907030
1039	0.251683950	0.174999000	0.034826040
1040	0.247105122	0.171272000	0.035998106
1041	0.246323109	0.171200000	0.033913851
1042	0.269648075	0.193610000	0.035647154
1043	0.250100136	0.173569000	0.036107779
1044	0.252745867	0.175181000	0.035356998
1045	0.253457069	0.173212000	0.034173965
1046	0.249960899	0.173667000	0.035356045
1047	0.250762939	0.174369000	0.034846067
1048	0.248306990	0.172486000	0.037221193
1049	0.246414185	0.170794000	0.034425020
1050	0.252145052	0.174353000	0.034364939
1051	0.250652075	0.174962000	0.034806013
1052	0.254569054	0.177618000	0.035737038
1053	0.249850988	0.173469000	0.035305977
1054	0.248958826	0.174025000	0.072606087
1055	0.342384100	0.182244000	0.046085835
1056	0.314311981	0.176295000	0.044092894
1057	0.334038973	0.183326000	0.045866966
1058	0.256202936	0.170912000	0.035977840
1059	0.248608112	0.174538000	0.033363104
1060	0.245632887	0.172452000	0.034656048
1061	0.249459982	0.175348000	0.033662796
1062	0.246433973	0.173017000	0.034224987
1063	0.244671106	0.171426000	0.032441139
1064	0.244360209	0.175204000	0.035156012
1065	0.243359089	0.172646000	0.034425020
1066	0.239772081	0.170534000	0.034415007
1067	0.237507105	0.167088000	0.064781904
1068	0.242786884	0.172307000	0.032330990
1069	0.248368025	0.177201000	0.033353090
1070	0.239962101	0.171544000	0.038301945
1071	0.248799086	0.177698000	0.033963919
1072	0.238158941	0.169459000	0.033193111
1073	0.241283894	0.169652000	0.032922029
1074	0.254299164	0.173427000	0.032891989
1075	0.242537022	0.171756000	0.034534931
1076	0.238238096	0.168185000	0.033774137
1077	0.240932941	0.171136000	0.032771826
1078	0.354578018	0.183918000	0.044003010
1079	0.238820076	0.169911000	0.033934116
1080	0.238188982	0.167658000	0.031960011
1081	0.256672859	0.173843000	0.033503056
1082	0.242456913	0.170853000	0.034183979
1083	0.239851952	0.170217000	0.035235882
1084	0.246515036	0.174062000	0.034836054
1085	0.236454964	0.167101000	0.032040119
1086	0.244430065	0.171526000	0.032952070
1087	0.243047953	0.172063000	0.033102989
1088	0.248809099	0.171934000	0.036168098
1089	0.246894836	0.170623000	0.033031940
1090	0.241465092	0.170991000	0.034946203
1091	0.244930983	0.173885000	0.035156965
1092	0.241986036	0.171211000	0.034313917
1093	0.243088007	0.171836000	0.034333944
1094	0.236023903	0.167291000	0.034674883
1095	0.243378162	0.173443000	0.033252954
1096	0.239691973	0.170941000	0.033993959
1097	0.239109993	0.169285000	0.034714937
1098	0.271942139	0.200570000	0.032902002
1099	0.242467165	0.172468000	0.032260895
1100	0.240502834	0.170213000	0.034686089
1101	0.242637157	0.173771000	0.035686970
1102	0.239511013	0.169874000	0.035706997
1103	0.235512972	0.166656000	0.034264803
1104	0.238719940	0.169711000	0.033122063
1105	0.248026848	0.175164000	0.034524918
1106	0.242466927	0.173268000	0.035866976
1107	0.237236977	0.168408000	0.032822132
1108	0.244301081	0.174069000	0.036047935
1109	0.241994858	0.170646000	0.034845114
1110	0.239981890	0.169886000	0.032541037
1111	0.238759995	0.168977000	0.032140970
1112	0.247274876	0.174297000	0.033893824
1113	0.239592075	0.170838000	0.032981873
1114	0.242235899	0.170681000	0.034435034
1115	0.241755009	0.171997000	0.034514904
1116	0.242536068	0.168868000	0.032069921
1117	0.240813971	0.171442000	0.033864021
1118	0.240792990	0.169941000	0.035145998
1119	0.244519949	0.171877000	0.032742023
1120	0.238107920	0.168530000	0.032541037
1121	0.242245913	0.170632000	0.033242941
1122	0.281280041	0.211270000	0.039334059
1123	0.242636919	0.171394000	0.034625053
1124	0.239331007	0.169463000	0.035586834
1125	0.238198042	0.168479000	0.046648026
1126	0.262475014	0.177175000	0.035176039
1127	0.241123915	0.170606000	0.035846949
1128	0.241284132	0.170096000	0.033833981
1129	0.243978977	0.170625000	0.044853926
1130	0.255771875	0.175905000	0.039755106
1131	0.242968082	0.172014000	0.033774137
1132	0.248989105	0.174541000	0.032871962
1133	0.264578104	0.170966000	0.034785986
1134	0.239391088	0.169285000	0.033171892
1135	0.241294146	0.171304000	0.033212900
1136	0.274717808	0.172659000	0.035676956
1137	0.241704941	0.170342000	0.033943892
1138	0.240422964	0.168828000	0.034775019
1139	0.247156143	0.175475000	0.046496868
1140	0.243248940	0.172326000	0.033803940
1141	0.241064072	0.171008000	0.035436869
1142	0.252035141	0.173037000	0.037600040
1143	0.249048948	0.172864000	0.034354925
1144	0.243908882	0.172835000	0.039453983
1145	0.242756844	0.171471000	0.035367012
1146	0.268195152	0.175291000	0.033313036
1147	0.243067980	0.170127000	0.034425020
1148	0.240192890	0.170490000	0.035796881
1149	0.264637947	0.174890000	0.033944130
1150	0.239500999	0.170290000	0.037179947
1151	0.238309145	0.167565000	0.033062220
1152	0.242196083	0.171144000	0.034735203
1153	0.247886896	0.173456000	0.032861948
1154	0.241054058	0.169922000	0.034455061
1155	0.240943909	0.170373000	0.036158085
1156	0.246204138	0.170082000	0.036758900
1157	0.240924120	0.170224000	0.033343077
1158	0.242146015	0.170853000	0.034895897
1159	0.243168116	0.172265000	0.038913012
1160	0.251693964	0.169734000	0.034285069
1161	0.240231991	0.170094000	0.032221079
1162	0.242035866	0.170656000	0.036339045
1163	0.242717981	0.170426000	0.034846067
1164	0.239541054	0.169336000	0.033112049
1165	0.236925840	0.168037000	0.033332825
1166	0.266811848	0.197097000	0.038212061
1167	0.249179840	0.173958000	0.036739111
1168	0.241003990	0.169993000	0.037690878
1169	0.241393805	0.170756000	0.033683062
1170	0.249570131	0.171772000	0.034934998
1171	0.251813889	0.176244000	0.035456896
1172	0.240652800	0.169572000	0.036778927
1173	0.249819994	0.176832000	0.050655127
1174	0.247766018	0.170354000	0.034465075
1175	0.242567062	0.169925000	0.034995794
1176	0.246795177	0.172903000	0.047358990
1177	0.242676973	0.170954000	0.036057949
1178	0.240893841	0.167453000	0.034595013
1179	0.241284132	0.170507000	0.054502010
1180	0.250200987	0.173677000	0.034665108
1181	0.238008022	0.169236000	0.034485102
1182	0.237377167	0.167855000	0.034003973
1183	0.242316008	0.173710000	0.034415007
1184	0.238979816	0.169407000	0.036158085
1185	0.245121956	0.172968000	0.032881975
1186	0.243528843	0.175891000	0.041256905
1187	0.248717785	0.175203000	0.035146952
1188	0.245543003	0.174219000	0.032851934
1189	0.247646093	0.173459000	0.034224033
1190	0.251683950	0.176607000	0.032790899
1191	0.243217945	0.170545000	0.032591820
1192	0.244250059	0.172060000	0.034113884
1193	0.249600172	0.176664000	0.038933039
1194	0.243288040	0.170867000	0.036749840
1195	0.239952087	0.171028000	0.033323050
1196	0.236927032	0.167651000	0.054723024
1197	0.244810820	0.173049000	0.032461166
1198	0.244390011	0.172169000	0.034846067
1199	0.243128061	0.171230000	0.032812119
1200	0.319782019	0.201650000	0.039003849
1201	0.273565054	0.180091000	0.035736799
1202	0.243128061	0.171805000	0.034315109
1203	0.247034788	0.176158000	0.037050009
1204	0.247897148	0.171272000	0.034384966
1205	0.243158102	0.173009000	0.034173965
1206	0.251002073	0.175725000	0.035826921
1207	0.260140181	0.172076000	0.035977840
1208	0.240211964	0.169872000	0.032650948
1209	0.242597103	0.171372000	0.033873796
1210	0.245342016	0.173415000	0.044232845
1211	0.249200106	0.173430000	0.035516977
1212	0.244209051	0.171658000	0.035346031
1213	0.246994972	0.172925000	0.032310963
1214	0.253767967	0.175569000	0.034495115
1215	0.243808985	0.170811000	0.036318064
1216	0.248096943	0.171696000	0.043591976
1217	0.247617006	0.172516000	0.032752037
1218	0.242467165	0.172402000	0.033894062
1219	0.241904974	0.171543000	0.036138058
1220	0.250661850	0.172943000	0.033743858
1221	0.243498087	0.171005000	0.034656048
1222	0.237076998	0.168396000	0.033102989
1223	0.248427868	0.174627000	0.033493042
1224	0.245382071	0.171135000	0.033813000
1225	0.241874933	0.171336000	0.033151865
1226	0.239802122	0.169104000	0.033553123
1227	0.252115011	0.182345000	0.032421112
1228	0.248508215	0.170881000	0.037300110
1229	0.241524935	0.170894000	0.032971859
1230	0.251642942	0.172193000	0.039224148
1231	0.245612860	0.170876000	0.032962084
1232	0.240473032	0.171355000	0.033894062
1233	0.249238968	0.172528000	0.042541027
1234	0.241514921	0.170205000	0.033373117
1235	0.236936092	0.167938000	0.034363985
1236	0.240493059	0.170470000	0.035046101
1237	0.249929905	0.177559000	0.040786982
1238	0.250512123	0.173791000	0.035367012
1239	0.238209009	0.168521000	0.032049894
1240	0.297169924	0.227361000	0.033683062
1241	0.270730019	0.175294000	0.032761812
1242	0.244279861	0.172844000	0.034845114
1243	0.240051985	0.171043000	0.054241896
1244	0.252665043	0.171143000	0.034664869
1245	0.244359970	0.173412000	0.034654856
1246	0.242035866	0.171348000	0.035767078
1247	0.269427061	0.175866000	0.041498184
1248	0.241164207	0.170745000	0.033353090
1249	0.243098021	0.171776000	0.033963919
1250	0.264698029	0.174273000	0.040426016
1251	0.255470991	0.173879000	0.033904076
1252	0.238999844	0.169932000	0.036919832
1253	0.236135006	0.167847000	0.072085857
1254	0.255831957	0.172552000	0.036638975
1255	0.241645098	0.170746000	0.033784151
1256	0.249109030	0.171561000	0.033762932
1257	0.256603003	0.174371000	0.039344072
1258	0.241674900	0.172314000	0.033383131
1259	0.241795063	0.170887000	0.035046101
1260	0.249310017	0.172808000	0.035465956
1261	0.248056889	0.173058000	0.035707951
1262	0.243438959	0.169732000	0.033813953
1263	0.250893116	0.175177000	0.039304018
1264	0.251584053	0.176197000	0.034625053
1265	0.248828888	0.173749000	0.035135984
1266	0.244891167	0.170487000	0.033832788
1267	0.268564939	0.191870000	0.035166025
1268	0.246895075	0.172523000	0.035377026
1269	0.245862961	0.171643000	0.035055876
1270	0.250391960	0.175662000	0.033734083
1271	0.246525049	0.171906000	0.033813953
1272	0.249370098	0.174622000	0.034204960
1273	0.248427868	0.174207000	0.034495115
1274	0.385986090	0.178318000	0.046437979
1275	0.317617893	0.175129000	0.047780037
1276	0.305896044	0.174072000	0.035836935
1277	0.246404171	0.170974000	0.033563852
1278	0.242477179	0.170496000	0.034313917
1279	0.241003990	0.167655000	0.034445047
1280	0.258085966	0.176063000	0.032471895
1281	0.249439955	0.173076000	0.033112049
1282	0.243337870	0.172447000	0.033432961
1283	0.268306017	0.175572000	0.036919832
1284	0.235954046	0.167037000	0.034695148
1285	0.243548870	0.171045000	0.034724951
1286	0.261583090	0.174136000	0.034514904
1287	0.249349117	0.172232000	0.033493042
1288	0.248867989	0.170759000	0.034674883
1289	0.250931978	0.177708000	0.036768913
1290	0.252285004	0.172690000	0.034684896
1291	0.243919849	0.172286000	0.038463116
1292	0.236896038	0.168609000	0.035286188
1293	0.254369020	0.183918000	0.033513069
1294	0.240952969	0.171235000	0.032942057
1295	0.240904093	0.170260000	0.035176992
1296	0.242436886	0.173391000	0.034073830
1297	0.237648010	0.167146000	0.033151865
1298	0.241634846	0.170345000	0.032971859
1299	0.242846966	0.170801000	0.038783073
1300	0.259137869	0.171066000	0.052278042
1301	0.242105961	0.170701000	0.032840967
1302	0.240803003	0.170121000	0.035958052
1303	0.257865906	0.175108000	0.038182020
1304	0.241104126	0.170031000	0.033514023
1305	0.237237215	0.169194000	0.036759138
1306	0.235242844	0.167985000	0.054593086
1307	0.242587090	0.170947000	0.034475088
1308	0.242066145	0.169814000	0.034305096
1309	0.246383905	0.171206000	0.034214020
1310	0.246032953	0.172576000	0.031970024
1311	0.239171028	0.169604000	0.033213139
1312	0.238669872	0.169700000	0.033833981
1313	0.257936001	0.170874000	0.033813953
1314	0.256613016	0.170358000	0.036879063
1315	0.238319159	0.168192000	0.033513069
1316	0.241113901	0.169404000	0.033883095
1317	0.245471954	0.175197000	0.033663988
1318	0.262884855	0.175899000	0.033753872
1319	0.239831924	0.169064000	0.034265041
1320	0.266432047	0.177718000	0.033753872
1321	0.243378878	0.172460000	0.034074068
1322	0.241906166	0.170554000	0.033742905
1323	0.247346163	0.170326000	0.037230015
1324	0.240121841	0.168148000	0.034534931
1325	0.241534948	0.171292000	0.033864021
1326	0.243689060	0.171994000	0.033071995
1327	0.276751041	0.177546000	0.033292055
1328	0.264568090	0.171224000	0.032922029
1329	0.245743036	0.172950000	0.034855843
1330	0.265069962	0.178104000	0.040646791
1331	0.252104998	0.172321000	0.034254074
1332	0.244560957	0.170488000	0.036478996
1333	0.237627983	0.167945000	0.036398888
1334	0.257313967	0.172311000	0.032089949
1335	0.243337870	0.170690000	0.033282995
1336	0.239049911	0.170831000	0.035147190
1337	0.251853943	0.177099000	0.033092022
1338	0.240572929	0.171867000	0.033653021
1339	0.237566948	0.169210000	0.034965992
1340	0.243127823	0.172457000	0.035877943
1341	0.345741034	0.178517000	0.044063091
1342	0.326684952	0.178386000	0.044734001
1343	0.312908888	0.178695000	0.034534931
1344	0.247565985	0.172558000	0.034586191
1345	0.251614094	0.173839000	0.035156965
1346	0.276822090	0.199639000	0.034384966
1347	0.248507977	0.172996000	0.035275936
1348	0.248357058	0.172505000	0.036038160
1349	0.251112938	0.175590000	0.036889076
1350	0.246273041	0.171035000	0.033683062
1351	0.250281096	0.174555000	0.034083843
1352	0.250342131	0.175432000	0.034384966
1353	0.250891924	0.176197000	0.034534931
1354	0.247485876	0.172087000	0.035125971
1355	0.244880915	0.170140000	0.034845114
1356	0.253016949	0.173188000	0.035036087
1357	0.246914864	0.172861000	0.035237074
1358	0.247266054	0.172417000	0.034836054
1359	0.247616053	0.173444000	0.034916162
1360	0.250261068	0.174620000	0.034024000
1361	0.248918772	0.173627000	0.034374952
1362	0.247776985	0.173392000	0.034585953
1363	0.250030994	0.175359000	0.035938025
1364	0.245101213	0.170494000	0.035476923
1365	0.248779058	0.173098000	0.034564972
1366	0.250612020	0.175939000	0.034605980
1367	0.245763063	0.171712000	0.034645081
1368	0.246865034	0.172560000	0.034024000
1369	0.251593828	0.175760000	0.040656090
1370	0.253036022	0.176903000	0.034654856
1371	0.248056889	0.172908000	0.035776854
1372	0.244359970	0.169930000	0.034534931
1373	0.295455933	0.217965000	0.034315109
1374	0.249580145	0.174031000	0.034384966
1375	0.245672941	0.171568000	0.034706116
1376	0.251914978	0.173604000	0.035416842
1377	0.246744871	0.171444000	0.034073830
1378	0.250462055	0.174039000	0.034265041
1379	0.247476101	0.172829000	0.039754868
1380	0.246954918	0.172263000	0.035686970
1381	0.245042086	0.170577000	0.033864021
1382	0.249398947	0.174071000	0.034163952
1383	0.258486032	0.177495000	0.035186052
1384	0.250510931	0.175719000	0.036449194
1385	0.248759031	0.173575000	0.035397053
1386	0.250911951	0.171573000	0.034314156
1387	0.249389172	0.173956000	0.034826040
1388	0.246454000	0.172371000	0.035196066
1389	0.247115850	0.173057000	0.037480831
1390	0.248548031	0.171973000	0.033854008
1391	0.251152992	0.175081000	0.034133911
1392	0.249480009	0.174541000	0.035066128
1393	0.254148006	0.174862000	0.034855843
1394	0.246865034	0.172107000	0.035216093
1395	0.244359970	0.170102000	0.035236120
1396	0.255151033	0.178757000	0.035285950
1397	0.246834993	0.172634000	0.034265041
1398	0.246954918	0.172455000	0.034806013
1399	0.245532036	0.170702000	0.034083843
1400	0.351772070	0.216590000	0.035166025
1401	0.248998880	0.174030000	0.035696983
1402	0.249179125	0.174048000	0.034665108
1403	0.252425194	0.174472000	0.034816027
1404	0.249329090	0.172172000	0.034104109
1405	0.252475023	0.176102000	0.034104109
1406	0.253727198	0.174815000	0.035626888
1407	0.247134924	0.172364000	0.034886122
1408	0.245402098	0.170481000	0.034875870
1409	0.253287077	0.177850000	0.036999941
1410	0.249959946	0.174863000	0.034704924
1411	0.251634121	0.176896000	0.035145998
1412	0.247667074	0.172940000	0.037479877
1413	0.250272036	0.174174000	0.035085917
1414	0.251975060	0.176241000	0.037090063
1415	0.249210119	0.173744000	0.034945965
1416	0.256203175	0.178525000	0.035866976
1417	0.249949932	0.174649000	0.034675121
1418	0.250540972	0.174891000	0.034685850
1419	0.250330925	0.175710000	0.034535170
1420	0.247987032	0.173517000	0.035686970
1421	0.246443987	0.171515000	0.035387039
1422	0.243890047	0.169381000	0.034193993
1423	0.256822824	0.179192000	0.034404993
1424	0.246024132	0.171033000	0.035495996
1425	0.247255087	0.172958000	0.034874916
1426	0.262494087	0.184884000	0.035205841
1427	0.249780178	0.174148000	0.034123898
1428	0.248398066	0.173366000	0.034153938
1429	0.252786160	0.177881000	0.035917044
1430	0.247074842	0.172110000	0.035526991
1431	0.246263981	0.170770000	0.033913851
1432	0.248378038	0.172808000	0.035968065
1433	0.255009890	0.179669000	0.034554958
1434	0.246793985	0.172081000	0.035005808
1435	0.249068975	0.174582000	0.034253836
1436	0.257245064	0.177895000	0.036368132
1437	0.253216982	0.176675000	0.035176039
1438	0.251353025	0.175241000	0.037140131
1439	0.248868942	0.173164000	0.043111086
1440	0.253828049	0.176697000	0.034083843
1441	0.251904011	0.175240000	0.035056114
1442	0.249490023	0.173726000	0.035415888
1443	0.256323099	0.178116000	0.035166025
1444	0.247797012	0.171405000	0.034906149
1445	0.252225161	0.174813000	0.034304857
1446	0.258587122	0.179870000	0.035145998
1447	0.250802040	0.174219000	0.035237074
1448	0.247706175	0.171132000	0.034625053
1449	0.255410910	0.177699000	0.034976006
1450	0.252876043	0.175687000	0.035516977
1451	0.248116970	0.172996000	0.035246849
1452	0.251284122	0.174713000	0.035376787
1453	0.252485037	0.176533000	0.034173965
1454	0.252074957	0.175096000	0.035597086
1455	0.252526045	0.174702000	0.035075903
1456	0.255049944	0.176912000	0.035796881
1457	0.248036861	0.171413000	0.034504890
1458	0.253026009	0.176135000	0.035156012
1459	0.257796049	0.179909000	0.035607100
1460	0.250432014	0.173986000	0.035836935
1461	0.255762100	0.177286000	0.036438942
1462	0.248236895	0.172106000	0.035306931
1463	0.272483110	0.173117000	0.040866852
1464	0.282521963	0.176596000	0.034714937
1465	0.254799843	0.178038000	0.035666943
1466	0.252676010	0.175489000	0.038902998
1467	0.272493124	0.174822000	0.033993959
1468	0.255511999	0.177215000	0.035197020
1469	0.325382948	0.176472000	0.034976006
1470	0.245521784	0.170780000	0.033653021
1471	0.249379158	0.174708000	0.033743858
1472	0.280308008	0.203844000	0.035305977
1473	0.253968000	0.176362000	0.034884930
1474	0.248408079	0.174472000	0.035756826
1475	0.254369020	0.173448000	0.036027908
1476	0.252104998	0.176032000	0.034104109
1477	0.251954079	0.175418000	0.034274101
1478	0.248096943	0.173095000	0.035687923
1479	0.272893906	0.174936000	0.033092976
1480	0.249940872	0.174000000	0.035226107
1481	0.249418974	0.173714000	0.034704924
1482	0.250021219	0.174622000	0.034205198
1483	0.251042128	0.174694000	0.034734964
1484	0.243468046	0.169123000	0.034505129
1485	0.249989986	0.175239000	0.036118031
1486	0.247385979	0.173279000	0.035466909
1487	0.245391846	0.171263000	0.034534931
1488	0.244940996	0.170247000	0.033993959
1489	0.253757954	0.175681000	0.034245014
1490	0.250913143	0.173059000	0.035036087
1491	0.246984959	0.173034000	0.035006046
1492	0.267163038	0.173774000	0.035717010
1493	0.245994091	0.170381000	0.033813953
1494	0.251163006	0.175342000	0.034374952
1495	0.251775026	0.175876000	0.037100077
1496	0.245933056	0.171588000	0.036237955
1497	0.244940996	0.170406000	0.033973932
1498	0.248027086	0.172546000	0.034624815
1499	0.266732931	0.176365000	0.034254074
1500	0.246104002	0.171938000	0.034554958
1501	0.246645212	0.171695000	0.033744097
1502	0.268616199	0.173300000	0.034905910
1503	0.248619080	0.173872000	0.034655094
1504	0.246073008	0.172093000	0.035826921
1505	0.244750977	0.170859000	0.055123806
1506	0.244951010	0.170462000	0.033683062
1507	0.249690056	0.173879000	0.034024954
1508	0.245362043	0.171143000	0.035066128
1509	0.268326044	0.174792000	0.034404993
1510	0.247747183	0.171393000	0.033984184
1511	0.246723890	0.171725000	0.033904076
1512	0.252715111	0.174589000	0.033933878
1513	0.251563787	0.176465000	0.034565926
1514	0.249700069	0.174540000	0.036478996
1515	0.247676849	0.172163000	0.041908979
1516	0.252003908	0.176061000	0.036118031
1517	0.247004986	0.172909000	0.034425020
1518	0.247325897	0.172505000	0.035436869
1519	0.250762939	0.172947000	0.034374952
1520	0.249378920	0.173870000	0.034665108
1521	0.250602007	0.175020000	0.034564972
1522	0.248979092	0.173736000	0.035928011
1523	0.249068975	0.173379000	0.034985065
1524	0.246584892	0.171686000	0.033874035
1525	0.251734018	0.175685000	0.038282871
1526	0.248096943	0.172880000	0.035296917
1527	0.247466087	0.172677000	0.034514904
1528	0.249410152	0.173733000	0.034846067
1529	0.260119915	0.176313000	0.034374952
1530	0.249189138	0.173846000	0.034183979
1531	0.247876883	0.173315000	0.034313917
1532	0.248929024	0.172882000	0.035907030
1533	0.243999958	0.169550000	0.034163952
1534	0.248899221	0.173654000	0.034595013
1535	0.245222092	0.171064000	0.034003973
1536	0.253085852	0.175684000	0.034184217
1537	0.246253014	0.171584000	0.033543110
1538	0.246204138	0.171648000	0.034235001
1539	0.290347099	0.213180000	0.034595013
1540	0.246173143	0.173173000	0.039194107
1541	0.245703220	0.171556000	0.034013987
1542	0.251252890	0.175368000	0.033693075
1543	0.253998041	0.180071000	0.034224987
1544	0.247284889	0.173470000	0.037560940
1545	0.249700069	0.175267000	0.034955978
1546	0.268957138	0.171494000	0.034073830
1547	0.243128061	0.169243000	0.033402920
1548	0.243047953	0.170383000	0.034144878
1549	0.245882988	0.172088000	0.033862829
1550	0.241003990	0.168129000	0.033622980
1551	0.243548155	0.169612000	0.033041954
1552	0.243779182	0.172579000	0.035005808
1553	0.241294861	0.168349000	0.033874035
1554	0.241274834	0.168586000	0.033694029
1555	0.240543127	0.167637000	0.032922029
1556	0.241965771	0.167736000	0.033904076
1557	0.243880033	0.168486000	0.033212900
1558	0.240021944	0.167334000	0.034415007
1559	0.287440777	0.170183000	0.054682970
1560	0.312929869	0.171434000	0.043282032
1561	0.313079834	0.172236000	0.044213057
1562	0.310854912	0.170634000	0.044384003
1563	0.235582829	0.165285000	0.031708956
1564	0.225775003	0.160133000	0.032231092
1565	0.231104851	0.165737000	0.032420874
1566	0.231656075	0.163128000	0.033101797
1567	0.232047081	0.162758000	0.033012152
1568	0.231235027	0.160376000	0.034164190
1569	0.279807091	0.210319000	0.031820059
1570	0.235513926	0.164783000	0.032481909
1571	0.231276035	0.161784000	0.032451153
1572	0.233338833	0.164211000	0.030597925
1573	0.246574879	0.166033000	0.032510996
1574	0.228600025	0.161847000	0.033002138
1575	0.228801012	0.162625000	0.032371044
1576	0.241233826	0.165104000	0.033432961
1577	0.226155996	0.159462000	0.030958176
1578	0.226346016	0.160304000	0.031149149
1579	0.231095076	0.164944000	0.053058863
1580	0.253177166	0.163798000	0.031649113
1581	0.230324030	0.163459000	0.030557871
1582	0.226437092	0.160431000	0.032381058
1583	0.268907070	0.200406000	0.031388998
1584	0.242625952	0.165114000	0.033382893
1585	0.232027054	0.166784000	0.033141851
1586	0.223810911	0.157566000	0.048792124
1587	0.238469124	0.164069000	0.030457020
1588	0.233309031	0.162768000	0.032711983
1589	0.224323034	0.158800000	0.032160997
1590	0.235652924	0.160142000	0.036979914
1591	0.228360176	0.160644000	0.030488014
1592	0.225794792	0.159260000	0.032470942
1593	0.223721981	0.158010000	0.031909943
1594	0.244028807	0.162625000	0.033753872
1595	0.226635933	0.156825000	0.030397892
1596	0.222880125	0.157319000	0.030256987
1597	0.232106924	0.160623000	0.032209873
1598	0.225084066	0.158287000	0.033543110
1599	0.227838993	0.159283000	0.029065132
1600	0.222269058	0.157649000	0.036478043
1601	0.226094961	0.157713000	0.036367893
1602	0.229842901	0.160658000	0.031949997
1603	0.223279953	0.157247000	0.030537128
1604	0.222619057	0.157415000	0.030596972
1605	0.230052948	0.158618000	0.030217171
1606	0.241054058	0.159026000	0.032612085
1607	0.220314980	0.156143000	0.031338930
1608	0.220915794	0.155937000	0.040375948
1609	0.230344057	0.161057000	0.031778812
1610	0.250221014	0.183588000	0.041246891
1611	0.237967968	0.172164000	0.032351017
1612	0.300876856	0.190571000	0.031620026
1613	0.253646851	0.159577000	0.031830072
1614	0.216989040	0.154982000	0.029256105
1615	0.223571062	0.159419000	0.031729937
1616	0.226967812	0.155502000	0.031899929
1617	0.218602180	0.155624000	0.030627966
1618	0.219964981	0.152759000	0.028523922
1619	0.239892006	0.158057000	0.036760092
1620	0.226166010	0.157360000	0.031239033
1621	0.222309113	0.154930000	0.030427933
1622	0.214364052	0.152224000	0.028994083
1623	0.230894089	0.158576000	0.031369209
1624	0.225625038	0.156865000	0.030557871
1625	0.223170042	0.158399000	0.029906034
1626	0.222388983	0.155444000	0.035788059
1627	0.221487045	0.153773000	0.028542995
1628	0.218902111	0.155864000	0.028683901
1629	0.221887112	0.155155000	0.029925823
1630	0.226457119	0.158927000	0.032160997
1631	0.220585108	0.154043000	0.031368971
1632	0.215336084	0.151986000	0.029736042
1633	0.214934826	0.152656000	0.028824091
1634	0.240572929	0.154917000	0.030107021
1635	0.233350039	0.153234000	0.031388998
1636	0.212138891	0.150553000	0.029093981
1637	0.214354038	0.152997000	0.028123140
1638	0.234521866	0.158722000	0.030878067
1639	0.219814062	0.155916000	0.030267000
1640	0.208842993	0.148750000	0.028774977
1641	0.213011026	0.152510000	0.029355049
1642	0.240854025	0.157356000	0.030929089
1643	0.216106892	0.151955000	0.029145002
1644	0.213953018	0.150276000	0.029575825
1645	0.209754944	0.147961000	0.030277014
1646	0.226447105	0.156084000	0.030127048
1647	0.217359066	0.151666000	0.031620026
1648	0.211066961	0.149350000	0.029495001
1649	0.218692064	0.154054000	0.032600880
1650	0.239351034	0.152187000	0.028302908
1651	0.214684010	0.151135000	0.028743982
1652	0.215795994	0.149546000	0.030035973
1653	0.223100901	0.153307000	0.035647154
1654	0.212460041	0.148109000	0.029254913
1655	0.208822966	0.148844000	0.028174162
1656	0.210556984	0.147978000	0.030046225
1657	0.230844975	0.153841000	0.029254913
1658	0.227679014	0.148817000	0.027261019
1659	0.210657120	0.150005000	0.027571917
1660	0.211728811	0.149772000	0.028853893
1661	0.218832016	0.150751000	0.035947800
1662	0.223992109	0.148954000	0.027511120
1663	0.210264921	0.148839000	0.028743982
1664	0.214634895	0.148186000	0.029064178
1665	0.288022995	0.207792000	0.034925938
1666	0.217579842	0.149813000	0.029014826
1667	0.211358070	0.146897000	0.028063059
1668	0.209934950	0.150003000	0.031749010
1669	0.240102053	0.153769000	0.028314114
1670	0.213282108	0.150280000	0.029134989
1671	0.216739178	0.151035000	0.029716015
1672	0.219122887	0.154715000	0.030436993
1673	0.239892006	0.154461000	0.028944969
1674	0.212370157	0.149763000	0.028333187
1675	0.214524031	0.147771000	0.028683901
1676	0.216707945	0.148479000	0.035807848
1677	0.214965105	0.147357000	0.029024839
1678	0.209805012	0.146985000	0.028644085
1679	0.207291126	0.146112000	0.028663874
1680	0.209465027	0.144583000	0.026679993
1681	0.217009068	0.149814000	0.028923988
1682	0.207380772	0.147721000	0.027611971
1683	0.207862139	0.147283000	0.027923107
1684	0.226165056	0.151188000	0.029967070
1685	0.213110924	0.145927000	0.026180029
1686	0.203562975	0.144566000	0.027020931
1687	0.211227179	0.146225000	0.029736042
1688	0.216296911	0.146750000	0.034265041
1689	0.214233160	0.145167000	0.028414011
1690	0.203073025	0.144735000	0.028413057
1691	0.206399202	0.145714000	0.027151108
1692	0.213691950	0.149572000	0.028002024
1693	0.213181973	0.148163000	0.028542995
1694	0.207901955	0.148042000	0.027853012
1695	0.214152813	0.151117000	0.028835058
1696	0.264267921	0.193792000	0.029025078
1697	0.215286016	0.147533000	0.029395103
1698	0.207029819	0.143078000	0.027191877
1699	0.208432913	0.147045000	0.028584003
1700	0.244590044	0.148012000	0.027441978
1701	0.212890863	0.146131000	0.028764963
1702	0.201689959	0.140617000	0.026449919
1703	0.204876184	0.144107000	0.029366016
1704	0.212028980	0.147077000	0.029284954
1705	0.214383125	0.147218000	0.026610851
1706	0.209143877	0.146087000	0.027170897
1707	0.202421188	0.143036000	0.026820898
1708	0.215345144	0.147423000	0.026209116
1709	0.213110924	0.145455000	0.026489973
1710	0.197952986	0.140333000	0.027652025
1711	0.201279163	0.140194000	0.028753996
1712	0.212280035	0.146043000	0.028853893
1713	0.229452133	0.146858000	0.027201891
1714	0.209303856	0.146133000	0.027801991
1715	0.199635983	0.142206000	0.026408911
1716	0.223290920	0.140721000	0.032861948
1717	0.204103947	0.140710000	0.028332949
1718	0.208271980	0.142696000	0.026760101
1719	0.200388193	0.141128000	0.028553963
1720	0.208723068	0.142564000	0.028644085
1721	0.209214211	0.143133000	0.025838852
1722	0.196961164	0.140045000	0.026229858
1723	0.199715853	0.139645000	0.026350021
1724	0.207340956	0.142655000	0.027903080
1725	0.233820915	0.153061000	0.026890993
1726	0.198102951	0.140600000	0.026659966
1727	0.197622061	0.139212000	0.027562141
1728	0.217449903	0.140755000	0.029015064
1729	0.200506926	0.138900000	0.025288105
1730	0.197120905	0.138640000	0.026428938
1731	0.198362827	0.140183000	0.028142929
1732	0.218931913	0.142784000	0.026829958
1733	0.204083920	0.138454000	0.025857925
1734	0.194685936	0.138155000	0.025187016
1735	0.199706078	0.139096000	0.027040958
1736	0.205416918	0.140316000	0.027210951
1737	0.205187082	0.139307000	0.025517941
1738	0.198845148	0.137361000	0.025949001
1739	0.204185009	0.142016000	0.026079178
1740	0.217900991	0.142538000	0.030698061
1741	0.206499100	0.140678000	0.028983831
1742	0.197821856	0.136551000	0.026700974
1743	0.198843956	0.138135000	0.028023005
1744	0.202531099	0.139923000	0.027020931
1745	0.206728935	0.141275000	0.026811123
1746	0.204735041	0.139308000	0.027722120
1747	0.200848103	0.137276000	0.026841164
1748	0.199004889	0.139735000	0.041667938
1749	0.206950188	0.141728000	0.030597925
1750	0.203473091	0.138082000	0.026650906
1751	0.196840048	0.136759000	0.025448084
1752	0.198493958	0.137666000	0.026921034
1753	0.203083038	0.139977000	0.026029110
1754	0.206138849	0.136772000	0.026669979
1755	0.199476004	0.137167000	0.026410103
1756	0.190408945	0.134133000	0.027691841
1757	0.212810040	0.139870000	0.025388002
1758	0.202160120	0.138353000	0.026980877
1759	0.320272923	0.144205000	0.048341036
1760	0.327817917	0.149247000	0.041968822
1761	0.208803892	0.142246000	0.028995037
1762	0.211809158	0.147832000	0.028964996
1763	0.199565887	0.138527000	0.027141094
1764	0.198312998	0.138472000	0.026410103
1765	0.219293118	0.140907000	0.028784037
1766	0.198724031	0.138455000	0.028332949
1767	0.203333139	0.139435000	0.027913094
1768	0.206838846	0.142286000	0.031148911
1769	0.205276966	0.139320000	0.028283834
1770	0.201079130	0.139263000	0.028344154
1771	0.202781916	0.139537000	0.026690006
1772	0.228750944	0.142209000	0.029165030
1773	0.204684973	0.137994000	0.027911901
1774	0.200096846	0.138462000	0.028043032
1775	0.202862024	0.139223000	0.027812958
1776	0.204185009	0.140121000	0.029045105
1777	0.204905987	0.139097000	0.029004812
1778	0.208162069	0.139175000	0.026149988
1779	0.199877024	0.139710000	0.027542114
1780	0.204674959	0.140639000	0.029084921
1781	0.204715967	0.139108000	0.029435158
1782	0.196499825	0.134363000	0.025999069
1783	0.197721958	0.136618000	0.028703928
1784	0.198773861	0.138405000	0.029826164
1785	0.204916000	0.139464000	0.028492928
1786	0.199676037	0.136792000	0.028414011
1787	0.198374033	0.135420000	0.027381897
1788	0.193915129	0.134663000	0.033192873
1789	0.203543901	0.138051000	0.028022051
1790	0.202049971	0.137372000	0.027451992
1791	0.194756985	0.133794000	0.028343201
1792	0.189486980	0.132549000	0.028774023
1793	0.203592777	0.137874000	0.028434038
1794	0.201649904	0.136762000	0.027842045
1795	0.194365978	0.134132000	0.027292013
1796	0.196770906	0.135590000	0.027412176
1797	0.201138973	0.137285000	0.027922869
1798	0.201439142	0.136478000	0.028103113
1799	0.194906950	0.134597000	0.028604031
1800	0.196249008	0.133587000	0.027862072
1801	0.216838121	0.137489000	0.028142929
1802	0.201619148	0.136745000	0.027883053
1803	0.195617914	0.134551000	0.027812958
1804	0.196079016	0.133992000	0.027101040
1805	0.197693110	0.136015000	0.027461052
1806	0.201408863	0.137100000	0.027702093
1807	0.198184013	0.135398000	0.027792931
1808	0.197221041	0.134719000	0.028522968
1809	0.194517136	0.133396000	0.032581091
1810	0.203794003	0.137658000	0.027662039
1811	0.199316025	0.135504000	0.026479006
1812	0.194495916	0.133903000	0.028192997
1813	0.193855047	0.132863000	0.026599884
1814	0.224622965	0.161273000	0.027542114
1815	0.198282957	0.134312000	0.028313160
1816	0.191800833	0.132389000	0.027753115
1817	0.195106983	0.133816000	0.028023005
1818	0.196318865	0.134925000	0.027401924
1819	0.213202000	0.135036000	0.027301073
1820	0.191311121	0.132221000	0.027321100
1821	0.196050167	0.133741000	0.027140856
1822	0.199235916	0.136485000	0.027763128
1823	0.200677872	0.136467000	0.028192997
1824	0.190829039	0.131879000	0.027581930
1825	0.194797039	0.133522000	0.027652025
1826	0.195619106	0.135520000	0.028745174
1827	0.194867134	0.131850000	0.027010918
1828	0.195207119	0.133303000	0.025607824
1829	0.191740990	0.132459000	0.027111053
1830	0.194516182	0.132782000	0.026599884
1831	0.196980953	0.134575000	0.027531862
1832	0.196439981	0.133405000	0.026670933
1833	0.189215899	0.131200000	0.027030945
1834	0.192772865	0.132411000	0.027230978
1835	0.192131996	0.129583000	0.026800871
1836	0.195619106	0.132850000	0.026829958
1837	0.190968990	0.131081000	0.027652025
1838	0.193473816	0.132620000	0.027070999
1839	0.191530943	0.132211000	0.028203011
1840	0.192613125	0.129856000	0.027211189
1841	0.192291975	0.130837000	0.025307178
1842	0.186331034	0.129717000	0.026649952
1843	0.192191839	0.131079000	0.025779009
1844	0.206177950	0.130524000	0.026489973
1845	0.205086946	0.131146000	0.025998831
1846	0.189346790	0.130467000	0.026560068
1847	0.189758062	0.130664000	0.028092861
1848	0.189206123	0.130163000	0.028342962
1849	0.191479921	0.129461000	0.026380062
1850	0.186671019	0.128769000	0.026430130
1851	0.189967871	0.130591000	0.026670933
1852	0.202531099	0.134352000	0.030117035
1853	0.190248013	0.128474000	0.026430130
1854	0.190659046	0.129871000	0.024425983
1855	0.185899973	0.128831000	0.025257111
1856	0.184818029	0.128645000	0.026730776
1857	0.223380089	0.132491000	0.027491093
1858	0.188114166	0.127394000	0.025497913
1859	0.205156088	0.129665000	0.026499987
1860	0.203593016	0.128619000	0.026098967
1861	0.203564167	0.129274000	0.026961088
1862	0.202722073	0.126951000	0.025669098
1863	0.185448885	0.129131000	0.026009083
1864	0.189607143	0.131398000	0.026659966
1865	0.190438986	0.130940000	0.026779890
1866	0.197040796	0.126717000	0.025978804
1867	0.184406996	0.127031000	0.025858164
1868	0.202260971	0.128315000	0.026028872
1869	0.201559067	0.127403000	0.026791096
1870	0.187953949	0.127625000	0.026629925
1871	0.199265003	0.125326000	0.025839090
1872	0.177653790	0.124521000	0.025949001
1873	0.201229095	0.127841000	0.026340008
1874	0.196408987	0.130055000	0.026730061
1875	0.199786901	0.125413000	0.026059151
1876	0.181490898	0.126641000	0.025768995
1877	0.195998907	0.126957000	0.025719166
1878	0.200547934	0.125808000	0.024495840
1879	0.187463045	0.125095000	0.027131081
1880	0.182013035	0.123587000	0.024155140
1881	0.181861877	0.125357000	0.025748014
1882	0.200146914	0.126858000	0.024166107
1883	0.188404083	0.127462000	0.026208878
1884	0.198513985	0.124344000	0.024897099
1885	0.201059103	0.127328000	0.025889158
1886	0.199666023	0.125876000	0.025949001
1887	0.202512026	0.126909000	0.026931047
1888	0.183866024	0.124463000	0.027031183
1889	0.176331997	0.121672000	0.025578022
1890	0.196990967	0.125129000	0.025357008
1891	0.198232889	0.126258000	0.026039124
1892	0.186690807	0.124265000	0.026149035
1893	0.195749044	0.122962000	0.023544073
1894	0.197962999	0.125108000	0.025388002
1895	0.198724985	0.125959000	0.026350021
1896	0.189116001	0.126273000	0.026800156
1897	0.185128927	0.125838000	0.024686813
1898	0.198183060	0.127531000	0.026088953
1899	0.181492090	0.126578000	0.025428057
1900	0.213422060	0.123301000	0.025639057
1901	0.186060190	0.124138000	0.026190042
1902	0.183565140	0.125376000	0.024055958
1903	0.192944050	0.124523000	0.025428057
1904	0.177525043	0.123033000	0.028012991
1905	0.186161041	0.125771000	0.026179075
1906	0.196460009	0.123364000	0.024305820
1907	0.175609827	0.122520000	0.025146961
1908	0.198213100	0.125267000	0.024746895
1909	0.198122978	0.124437000	0.025918007
1910	0.197511911	0.123687000	0.026108980
1911	0.196539879	0.123985000	0.025608063
1912	0.182624102	0.127782000	0.026078939
1913	0.181420803	0.126713000	0.026980877
1914	0.188153982	0.128402000	0.026098967
1915	0.195818901	0.123024000	0.024265051
1916	0.197822094	0.125468000	0.025307178
1917	0.199445963	0.128682000	0.026178837
1918	0.215014935	0.130118000	0.026870966
1919	0.192822933	0.125136000	0.026941061
1920	0.172835112	0.120320000	0.025768042
1921	0.200677872	0.127521000	0.024315834
1922	0.191892147	0.128502000	0.026009083
1923	0.197400808	0.127740000	0.026570082
1924	0.179477930	0.123355000	0.024355888
1925	0.198182821	0.124983000	0.025448084
1926	0.201819897	0.128927000	0.026570082
1927	0.185890198	0.125900000	0.028302908
1928	0.184366941	0.124673000	0.025528193
1929	0.195538998	0.123324000	0.025568008
1930	0.200837851	0.128103000	0.025738001
1931	0.205025911	0.128174000	0.026088953
1932	0.204314947	0.127581000	0.025468111
1933	0.198312998	0.125849000	0.025779009
1934	0.182444096	0.126719000	0.025507927
1935	0.202510834	0.129822000	0.027131081
1936	0.184226990	0.124574000	0.027221918
1937	0.179007053	0.122592000	0.023354053
1938	0.179037094	0.123654000	0.024727106
1939	0.181652069	0.124020000	0.024506092
1940	0.190057993	0.127834000	0.026309967
1941	0.182845116	0.124697000	0.026851177
1942	0.184467077	0.128825000	0.026250124
1943	0.182173014	0.126250000	0.026410103
1944	0.183375835	0.125917000	0.026820183
1945	0.186230898	0.127164000	0.027701855
1946	0.195487976	0.123517000	0.023534060
1947	0.196228981	0.125860000	0.024816990
1948	0.200498104	0.127519000	0.029906034
1949	0.188455105	0.127312000	0.026279926
1950	0.199486017	0.125724000	0.026339054
1951	0.177303791	0.122082000	0.026309013
1952	0.179137945	0.124237000	0.025677919
1953	0.212038994	0.157599000	0.026269913
1954	0.200917959	0.126180000	0.026278973
1955	0.175149918	0.120688000	0.025136948
1956	0.193104029	0.124949000	0.025007010
1957	0.200407028	0.128451000	0.026009083
1958	0.186220169	0.123942000	0.026641130
1959	0.181922913	0.123856000	0.024956942
1960	0.171693802	0.119467000	0.025578976
1961	0.196490049	0.124866000	0.025818110
1962	0.202030897	0.127641000	0.026098967
1963	0.198272943	0.124685000	0.025697947
1964	0.195448160	0.123122000	0.025488138
1965	0.198853970	0.125084000	0.025318146
1966	0.201770067	0.128924000	0.025758982
1967	0.201849937	0.125245000	0.026619911
1968	0.177384138	0.121538000	0.023604155
1969	0.196510077	0.125469000	0.024675846
1970	0.201439142	0.128685000	0.026380062
1971	0.187443018	0.124897000	0.026009083
1972	0.197722197	0.124611000	0.024856806
1973	0.195107937	0.122311000	0.025357962
1974	0.196188927	0.124061000	0.025568008
1975	0.200517893	0.127565000	0.026610851
1976	0.183775902	0.124540000	0.026540041
1977	0.171943903	0.120551000	0.025276899
1978	0.194867134	0.125519000	0.025248051
1979	0.400544882	0.132573000	0.033242941
1980	0.183315039	0.125106000	0.024146080
1981	0.196380138	0.123565000	0.025619030
1982	0.194505930	0.122752000	0.025027990
1983	0.201971054	0.128172000	0.026410103
1984	0.183155060	0.124212000	0.025799036
1985	0.174278021	0.122272000	0.025868893
1986	0.196109056	0.123381000	0.024887085
1987	0.241323948	0.126974000	0.026018858
1988	0.185689926	0.126117000	0.025949001
1989	0.198503971	0.124883000	0.026050091
1990	0.179266930	0.122515000	0.025748014
1991	0.196509838	0.125530000	0.026650906
1992	0.183896065	0.124847000	0.025718927
1993	0.198894978	0.125894000	0.023965120
1994	0.197391033	0.124697000	0.025858164
1995	0.195257902	0.123280000	0.024986982
1996	0.199125051	0.126264000	0.025619030
1997	0.199314833	0.125407000	0.025316954
1998	0.197832108	0.124636000	0.026228905
1999	0.176882982	0.121109000	0.025438070
2000	0.184558153	0.128935000	0.025709152
2001	0.194816828	0.126025000	0.026108980
2002	0.204254866	0.128902000	0.024456024
2003	0.180920124	0.125876000	0.025398016
2004	0.178035021	0.121559000	0.026901007
2005	0.185638905	0.125830000	0.025758982
2006	0.198593855	0.125159000	0.025296926
2007	0.198983908	0.125498000	0.026759863
2008	0.175992012	0.121029000	0.025228024
2009	0.180589914	0.123644000	0.025718927
2010	0.199867010	0.125932000	0.025848866
2011	0.198604107	0.125594000	0.025588036
2012	0.175549984	0.122805000	0.025799036
2013	0.197361946	0.123065000	0.026790857
2014	0.185849905	0.127053000	0.025827885
2015	0.198013067	0.124940000	0.025086880
2016	0.175910950	0.122249000	0.027401924
2017	0.177915096	0.124596000	0.025377035
2018	0.189095974	0.130374000	0.026349068
2019	0.189656973	0.130163000	0.028012991
2020	0.184567928	0.129454000	0.026569843
2021	0.183254957	0.126408000	0.026440144
2022	0.241814852	0.126981000	0.026068926
2023	0.186790943	0.127410000	0.027100801
2024	0.181310892	0.124266000	0.024044991
2025	0.182624102	0.125105000	0.025667906
2026	0.195117950	0.123311000	0.024075031
2027	0.186460972	0.128164000	0.025497913
2028	0.199895859	0.126034000	0.024976969
2029	0.199304819	0.126079000	0.026989937
2030	0.183215141	0.126493000	0.026290178
2031	0.182414055	0.126480000	0.026530027
2032	0.183896065	0.124667000	0.025968790
2033	0.180400133	0.124108000	0.024496078
2034	0.201829910	0.129282000	0.025888920
2035	0.182274103	0.126633000	0.029455900
2036	0.189136028	0.129763000	0.025677919
2037	0.201379061	0.127486000	0.025066853
2038	0.198313951	0.125705000	0.026078939
2039	0.194066048	0.121720000	0.025938988
2040	0.181432009	0.126590000	0.025637865
2041	0.199254990	0.125071000	0.025768042
2042	0.177904844	0.123636000	0.024595976
2043	0.187684059	0.125995000	0.026209116
2044	0.185418844	0.126002000	0.033241987
2045	0.184005976	0.125877000	0.025717974
2046	0.187422991	0.127833000	0.024526119
2047	0.177324057	0.124172000	0.027681828
