block,process,variant,repeat,warmup,elapsedMs,cpuMs,rssAfterBytes
0,0,retained,0,True,661.6614679999984,305.152,1274142720
0,0,retained,1,True,598.115644999998,207.79,1281744896
0,0,retained,2,True,593.2332239999996,261.859,1289048064
0,0,retained,3,False,619.2129800000039,236.818,1297960960
0,0,retained,4,False,630.4190660000022,248.685,1304412160
0,0,retained,5,False,614.2480540000033,267.226,1316233216
0,0,retained,6,False,610.4225549999974,231.243,1323401216
0,0,retained,7,False,608.4518319999988,215.91,1330278400
0,0,retained,8,False,620.0353799999939,223.301,1336623104
0,0,retained,9,False,608.8276199999964,206.119,1343029248
0,0,retained,10,False,614.9943409999978,210.48,1349206016
0,0,retained,11,False,602.5693279999978,207.598,1355546624
0,0,retained,12,False,605.2197020000021,208.269,1362571264
0,0,retained,13,False,600.0350530000069,186.999,1368494080
0,0,retained,14,False,610.0084459999998,198.258,1376505856
0,0,retained,15,False,607.2746139999945,196.456,1382141952
0,0,retained,16,False,598.3326949999973,185.564,1388806144
0,0,retained,17,False,599.313353000005,208.496,1394778112
0,0,retained,18,False,605.7652200000011,201.133,1401032704
0,0,retained,19,False,608.233060999999,206.499,1407913984
0,0,retained,20,False,602.073043000004,196.781,1414574080
0,0,retained,21,False,608.5375140000033,203.759,1420668928
0,0,retained,22,False,601.9884040000034,188.27,1427066880
0,1,teardown,0,True,666.761774999999,315.456,1278464000
0,1,teardown,1,True,601.4792789999992,212.772,1286316032
0,1,teardown,2,True,590.4391549999964,254.89,1293897728
0,1,teardown,3,False,603.1189589999994,221.956,1302454272
0,1,teardown,4,False,613.9779409999974,233.142,1308876800
0,1,teardown,5,False,611.4373139999952,266.959,1320194048
0,1,teardown,6,False,605.6956740000023,230.704,1327370240
0,1,teardown,7,False,610.1108940000049,219.034,1334185984
0,1,teardown,8,False,605.4462340000027,208.083,1340526592
0,1,teardown,9,False,600.602046,197.522,1346682880
0,1,teardown,10,False,604.4249410000048,198.009,1352867840
0,1,teardown,11,False,604.7636490000004,212.053,1359048704
0,1,teardown,12,False,611.3721920000025,215.301,1366241280
0,1,teardown,13,False,600.5668100000039,187.304,1372164096
0,1,teardown,14,False,607.913102999999,195.951,1380171776
0,1,teardown,15,False,598.9501739999978,189.309,1386369024
0,1,teardown,16,False,611.280227999996,198.045,1392574464
0,1,teardown,17,False,610.8131280000016,219.06,1398513664
0,1,teardown,18,False,603.7351710000003,198.763,1404702720
0,1,teardown,19,False,608.762284000004,209.015,1412108288
0,1,teardown,20,False,601.244577999998,195.534,1418416128
0,1,teardown,21,False,620.2315860000017,214.135,1424515072
0,1,teardown,22,False,620.3633360000022,205.349,1430618112
0,2,candidate,0,True,654.1874050000006,290.964,1244434432
0,2,candidate,1,True,582.5763039999983,184.428,1252298752
0,2,candidate,2,True,588.9857110000012,253.944,1259855872
0,2,candidate,3,False,609.0482260000026,230.977,1268297728
0,2,candidate,4,False,599.9500530000005,207.398,1274720256
0,2,candidate,5,False,598.8811580000038,253.276,1287356416
0,2,candidate,6,False,595.2712059999976,200.528,1294209024
0,2,candidate,7,False,585.463926000004,192.113,1301164032
0,2,candidate,8,False,588.5502710000001,183.272,1307516928
0,2,candidate,9,False,579.8184380000021,170.858,1313656832
0,2,candidate,10,False,593.5833859999984,180.941,1319575552
0,2,candidate,11,False,583.8674670000037,183.967,1325805568
0,2,candidate,12,False,594.4366230000014,191.345,1332736000
0,2,candidate,13,False,584.5854899999977,163.784,1338826752
0,2,candidate,14,False,598.2633750000023,180.695,1346875392
0,2,candidate,15,False,586.2754050000003,170.454,1353220096
0,2,candidate,16,False,591.133679999999,173.894,1359400960
0,2,candidate,17,False,592.7554460000028,196.675,1365520384
0,2,candidate,18,False,590.751569,181.78,1371693056
0,2,candidate,19,False,590.6840319999974,186.877,1377775616
0,2,candidate,20,False,586.3902309999976,176.449,1384226816
0,2,candidate,21,False,594.4434370000017,182.53,1390612480
0,2,candidate,22,False,586.4095379999999,166.682,1396957184
0,3,dawn,0,True,646.4204849999987,860.758,1348911104
0,3,dawn,1,True,557.125419,656.549,1484177408
0,3,dawn,2,True,712.5748359999998,901.984,1508937728
0,3,dawn,3,False,656.8414330000014,805.837,1545232384
0,3,dawn,4,False,542.6203160000005,614.408,1545232384
0,3,dawn,5,False,647.2436159999997,796.999,1554743296
0,3,dawn,6,False,540.3694939999987,614.568,1555005440
0,3,dawn,7,False,654.5648430000001,771.923,1560166400
0,3,dawn,8,False,537.7258830000064,610.547,1560166400
0,3,dawn,9,False,646.5491279999987,763.979,1562230784
0,3,dawn,10,False,537.78269,595.959,1562230784
0,3,dawn,11,False,650.5020069999955,770.567,1562370048
0,3,dawn,12,False,536.6715269999986,618.234,1562370048
0,3,dawn,13,False,651.7891620000009,757.764,1562558464
0,3,dawn,14,False,531.8382290000009,587.189,1562558464
0,3,dawn,15,False,531.9464630000002,620.899,1562558464
0,3,dawn,16,False,636.0268710000018,700.68,1565380608
0,3,dawn,17,False,533.5867439999929,606.55,1565904896
0,3,dawn,18,False,660.7517109999972,784.169,1566285824
0,3,dawn,19,False,533.364705999993,594.827,1566547968
0,3,dawn,20,False,643.2384300000049,760.765,1566801920
0,3,dawn,21,False,533.1051969999971,597.13,1566801920
0,3,dawn,22,False,644.7734520000013,761.434,1566826496
1,4,dawn,0,True,643.2184659999984,847.814,1347747840
1,4,dawn,1,True,553.0858609999996,653.49,1485111296
1,4,dawn,2,True,690.4496580000014,863.297,1511854080
1,4,dawn,3,False,541.891807,652.963,1517096960
1,4,dawn,4,False,641.740681000003,729.063,1552146432
1,4,dawn,5,False,636.1672190000027,781.925,1560252416
1,4,dawn,6,False,538.410907999998,613.155,1560252416
1,4,dawn,7,False,647.1718870000041,771.025,1561178112
1,4,dawn,8,False,536.7541159999964,608.919,1561178112
1,4,dawn,9,False,647.6777500000026,765.044,1562468352
1,4,dawn,10,False,536.0017880000014,600.999,1562468352
1,4,dawn,11,False,649.5607979999986,770.287,1562603520
1,4,dawn,12,False,537.371008999995,609.658,1562603520
1,4,dawn,13,False,649.1991269999999,765.251,1563467776
1,4,dawn,14,False,534.6196439999985,590.774,1563729920
1,4,dawn,15,False,653.003555999996,771.217,1564110848
1,4,dawn,16,False,534.0093440000055,597.615,1564110848
1,4,dawn,17,False,637.2500900000014,761.315,1564139520
1,4,dawn,18,False,534.6251039999988,592.491,1564139520
1,4,dawn,19,False,637.5642729999963,743.948,1567940608
1,4,dawn,20,False,536.1667700000035,595.321,1568464896
1,4,dawn,21,False,631.0804439999993,732.591,1569513472
1,4,dawn,22,False,531.0178569999989,581.743,1569513472
1,5,candidate,0,True,650.0413579999986,280.288,1243500544
1,5,candidate,1,True,592.5182709999972,200.055,1251627008
1,5,candidate,2,True,592.2640519999986,253.031,1259970560
1,5,candidate,3,False,604.8989810000021,222.451,1268154368
1,5,candidate,4,False,605.5747940000001,220.761,1274613760
1,5,candidate,5,False,591.8741979999977,245.061,1285984256
1,5,candidate,6,False,596.0899219999992,203.016,1292779520
1,5,candidate,7,False,595.4132160000008,200.458,1299447808
1,5,candidate,8,False,592.9032860000007,189.447,1305870336
1,5,candidate,9,False,585.8368410000039,176.398,1312014336
1,5,candidate,10,False,594.0996510000041,182.337,1318187008
1,5,candidate,11,False,589.9727539999949,190.638,1324531712
1,5,candidate,12,False,589.9155469999969,190.196,1331724288
1,5,candidate,13,False,589.6985980000027,169.983,1337917440
1,5,candidate,14,False,589.1959109999952,168.883,1345925120
1,5,candidate,15,False,589.4789840000012,171.954,1352015872
1,5,candidate,16,False,579.0056380000024,156.555,1358376960
1,5,candidate,17,False,589.2952579999983,190.553,1364480000
1,5,candidate,18,False,586.780740000002,176.813,1371553792
1,5,candidate,19,False,583.9752840000001,178.086,1377656832
1,5,candidate,20,False,587.0954330000022,175.531,1383542784
1,5,candidate,21,False,591.7413079999969,176.48,1389887488
1,5,candidate,22,False,586.6341840000023,164.417,1396322304
1,6,teardown,0,True,666.9790790000006,311.427,1247657984
1,6,teardown,1,True,595.3960570000017,204.405,1255260160
1,6,teardown,2,True,592.3107830000044,257.644,1263353856
1,6,teardown,3,False,610.535947000004,228.02,1272381440
1,6,teardown,4,False,620.6291569999958,246.509,1278914560
1,6,teardown,5,False,616.3078139999998,266.699,1290018816
1,6,teardown,6,False,608.7673250000007,218.18,1297174528
1,6,teardown,7,False,603.7140320000035,212.276,1303994368
1,6,teardown,8,False,603.4449849999946,207.972,1310367744
1,6,teardown,9,False,601.7903269999952,199.742,1316417536
1,6,teardown,10,False,604.1449740000025,198.528,1322766336
1,6,teardown,11,False,600.1300100000008,205.99,1328844800
1,6,teardown,12,False,600.0468049999981,204.439,1336168448
1,6,teardown,13,False,597.4048279999988,185.008,1342251008
1,6,teardown,14,False,600.0902580000038,188.678,1350000640
1,6,teardown,15,False,605.1840280000033,195.011,1356369920
1,6,teardown,16,False,597.6203839999944,183.617,1362550784
1,6,teardown,17,False,600.2248319999999,211.758,1368633344
1,6,teardown,18,False,600.8160359999965,197.256,1375084544
1,6,teardown,19,False,611.4770370000042,212.389,1382293504
1,6,teardown,20,False,603.2074730000022,198.467,1388482560
1,6,teardown,21,False,605.3207349999939,201.182,1394556928
1,6,teardown,22,False,610.7485840000008,199.434,1400991744
1,7,retained,0,True,661.6881390000017,307.592,1242841088
1,7,retained,1,True,586.7563589999991,198.502,1250705408
1,7,retained,2,True,591.0782529999997,252.866,1257922560
1,7,retained,3,False,605.266601000003,223.255,1266966528
1,7,retained,4,False,623.8099559999973,242.303,1272594432
1,7,retained,5,False,612.4261130000014,269.237,1283383296
1,7,retained,6,False,612.1409459999995,222.535,1290444800
1,7,retained,7,False,602.6355330000006,214.089,1297260544
1,7,retained,8,False,607.4688610000012,212.127,1303601152
1,7,retained,9,False,603.2384989999991,202.131,1310023680
1,7,retained,10,False,605.7688269999999,199.699,1316384768
1,7,retained,11,False,601.9694880000025,207.086,1322463232
1,7,retained,12,False,618.9892719999989,223.652,1329700864
1,7,retained,13,False,602.4562050000022,190.676,1335844864
1,7,retained,14,False,605.8180699999939,196.082,1343893504
1,7,retained,15,False,604.660308999999,194.704,1350008832
1,7,retained,16,False,601.3839639999933,189.533,1356431360
1,7,retained,17,False,604.5269870000047,218.273,1362407424
1,7,retained,18,False,611.358530999998,207.558,1368567808
1,7,retained,19,False,596.981286000002,199.032,1376280576
1,7,retained,20,False,593.9167009999946,190.218,1382711296
1,7,retained,21,False,600.4322800000009,196.444,1389072384
1,7,retained,22,False,607.0915500000046,194.528,1394974720
2,8,teardown,0,True,684.1092899999967,341.635,1273630720
2,8,teardown,1,True,594.1066879999998,205.07,1281458176
2,8,teardown,2,True,583.3333249999996,243.399,1289195520
2,8,teardown,3,False,597.8796180000063,215.586,1298018304
2,8,teardown,4,False,617.2185519999985,232.245,1304457216
2,8,teardown,5,False,617.2228310000064,273.267,1315753984
2,8,teardown,6,False,609.6737639999992,224.127,1322921984
2,8,teardown,7,False,609.3927140000014,218.321,1329737728
2,8,teardown,8,False,614.9848429999984,217.852,1336078336
2,8,teardown,9,False,605.0185009999987,204.914,1342234624
2,8,teardown,10,False,605.7347309999968,197.668,1348411392
2,8,teardown,11,False,605.3537230000002,209.344,1354752000
2,8,teardown,12,False,610.3658380000052,211.103,1361948672
2,8,teardown,13,False,599.9211050000013,186.26,1367871488
2,8,teardown,14,False,608.2109879999989,194.552,1375780864
2,8,teardown,15,False,598.5397219999941,188.371,1382223872
2,8,teardown,16,False,610.6444830000037,198.089,1388404736
2,8,teardown,17,False,610.7169399999984,219.292,1394573312
2,8,teardown,18,False,612.5448949999991,207.731,1401044992
2,8,teardown,19,False,611.890661999998,209.31,1407406080
2,8,teardown,20,False,605.9062239999985,201.285,1413840896
2,8,teardown,21,False,605.6721319999997,198.787,1419939840
2,8,teardown,22,False,628.429830000001,212.839,1426104320
2,9,retained,0,True,667.4721849999987,308.135,1242398720
2,9,retained,1,True,608.0809800000025,217.288,1250263040
2,9,retained,2,True,609.2174109999978,277.491,1256947712
2,9,retained,3,False,627.0760569999984,244.503,1265954816
2,9,retained,4,False,618.2978839999996,230.694,1272344576
2,9,retained,5,False,614.5933430000005,278.501,1284374528
2,9,retained,6,False,621.3429130000004,238.969,1291231232
2,9,retained,7,False,607.1131569999998,217.498,1298051072
2,9,retained,8,False,613.189406999998,216.042,1304399872
2,9,retained,9,False,613.3569229999994,210.529,1310441472
2,9,retained,10,False,622.0285640000002,214.254,1316524032
2,9,retained,11,False,610.2592450000011,214.746,1322586112
2,9,retained,12,False,618.0412800000049,221.463,1330589696
2,9,retained,13,False,608.2013969999971,191.968,1336479744
2,9,retained,14,False,601.8408510000008,188.792,1344499712
2,9,retained,15,False,600.226496999996,190.205,1350606848
2,9,retained,16,False,608.7330390000061,193.56,1357029376
2,9,retained,17,False,602.1878450000004,206.433,1363128320
2,9,retained,18,False,608.1564119999966,203.368,1369321472
2,9,retained,19,False,614.9776469999997,214.446,1376247808
2,9,retained,20,False,608.7332989999995,203.722,1382522880
2,9,retained,21,False,619.9117049999986,213.752,1388675072
2,9,retained,22,False,608.3075170000011,192.577,1394839552
2,10,dawn,0,True,642.5096699999995,847.009,1350242304
2,10,dawn,1,True,717.5891680000022,865.421,1508114432
2,10,dawn,2,True,547.7337430000007,687.005,1508900864
2,10,dawn,3,False,659.4321399999972,784.456,1546063872
2,10,dawn,4,False,538.1881740000026,610.193,1546588160
2,10,dawn,5,False,643.6636240000007,794.123,1556828160
2,10,dawn,6,False,536.4506499999989,607.002,1557090304
2,10,dawn,7,False,641.1005440000008,758.119,1561276416
2,10,dawn,8,False,535.6096049999978,604.396,1562324992
2,10,dawn,9,False,638.512867999998,758.172,1563418624
2,10,dawn,10,False,536.9711699999971,593.996,1563418624
2,10,dawn,11,False,646.0362359999999,760.874,1563635712
2,10,dawn,12,False,535.505889,605.917,1563635712
2,10,dawn,13,False,644.8045940000011,752.249,1563779072
2,10,dawn,14,False,532.4483770000006,592.772,1563779072
2,10,dawn,15,False,655.0170799999978,762.821,1563795456
2,10,dawn,16,False,536.4302709999974,597.191,1563795456
2,10,dawn,17,False,645.7243579999995,767.555,1563811840
2,10,dawn,18,False,532.5560799999948,598.834,1563811840
2,10,dawn,19,False,653.8631549999991,781.81,1564921856
2,10,dawn,20,False,535.0120289999977,606.407,1564921856
2,10,dawn,21,False,639.2460890000002,759.784,1565159424
2,10,dawn,22,False,532.2188539999988,583.49,1565159424
2,11,candidate,0,True,663.7784790000005,315.648,1269022720
2,11,candidate,1,True,582.4331029999994,185.345,1277149184
2,11,candidate,2,True,574.8192850000014,233.659,1285947392
2,11,candidate,3,False,597.1856939999998,210.897,1294397440
2,11,candidate,4,False,598.807541000002,216.79,1301053440
2,11,candidate,5,False,600.1069789999965,244.175,1310560256
2,11,candidate,6,False,597.5550599999988,205.895,1317494784
2,11,candidate,7,False,590.0088289999985,195.47,1324445696
2,11,candidate,8,False,587.8833740000046,184.754,1330786304
2,11,candidate,9,False,595.5278800000015,189.604,1336930304
2,11,candidate,10,False,601.1549040000027,187.494,1343107072
2,11,candidate,11,False,589.5320409999986,188.757,1349447680
2,11,candidate,12,False,586.7825089999969,185.387,1356644352
2,11,candidate,13,False,591.4240359999967,171.223,1362395136
2,11,candidate,14,False,590.9895770000003,171.64,1370345472
2,11,candidate,15,False,586.5525359999956,170.642,1376231424
2,11,candidate,16,False,593.0701580000023,174.268,1382383616
2,11,candidate,17,False,585.8294029999961,189.421,1388683264
2,11,candidate,18,False,580.9687629999971,171.628,1395134464
2,11,candidate,19,False,583.665786000005,174.808,1401253888
2,11,candidate,20,False,584.7694049999991,173.901,1407438848
2,11,candidate,21,False,585.7531089999975,174.805,1413537792
2,11,candidate,22,False,580.0352139999959,159.707,1419993088
3,12,candidate,0,True,647.7930430000015,281.571,1273929728
3,12,candidate,1,True,584.5548290000006,187.937,1282056192
3,12,candidate,2,True,578.2250810000005,238.976,1289269248
3,12,candidate,3,False,584.6028800000058,188.575,1297969152
3,12,candidate,4,False,596.5317799999975,207.242,1304621056
3,12,candidate,5,False,589.6561130000046,241.225,1315688448
3,12,candidate,6,False,592.2017899999992,204.424,1322852352
3,12,candidate,7,False,584.0426939999961,186.058,1329676288
3,12,candidate,8,False,582.297424999997,180.831,1336016896
3,12,candidate,9,False,584.5681440000044,177.407,1342164992
3,12,candidate,10,False,587.5253480000029,176.159,1348345856
3,12,candidate,11,False,584.103369000004,181.842,1354502144
3,12,candidate,12,False,590.3635560000039,188.725,1361723392
3,12,candidate,13,False,593.4117800000022,174.927,1367580672
3,12,candidate,14,False,587.9450180000058,167.542,1375326208
3,12,candidate,15,False,586.4186720000071,171.15,1381490688
3,12,candidate,16,False,583.1673239999946,164.157,1387675648
3,12,candidate,17,False,580.9670879999976,184.765,1393893376
3,12,candidate,18,False,581.324360999999,170.068,1400082432
3,12,candidate,19,False,588.7963420000015,182.668,1406701568
3,12,candidate,20,False,582.5910289999956,170.283,1413283840
3,12,candidate,21,False,586.9597610000055,174.431,1419386880
3,12,candidate,22,False,583.0919429999994,159.964,1425551360
3,13,dawn,0,True,650.7303659999998,864.052,1342705664
3,13,dawn,1,True,552.6838070000013,664.397,1482428416
3,13,dawn,2,True,706.6499980000008,904.353,1510137856
3,13,dawn,3,False,643.8613719999994,775.749,1544466432
3,13,dawn,4,False,540.5719830000016,600.347,1544728576
3,13,dawn,5,False,641.5383940000029,791.519,1558253568
3,13,dawn,6,False,536.7313139999969,616.379,1558515712
3,13,dawn,7,False,640.8866860000053,760.344,1560719360
3,13,dawn,8,False,533.6750649999958,602.36,1560981504
3,13,dawn,9,False,644.633796999995,752.334,1561681920
3,13,dawn,10,False,540.6124780000027,611.264,1561681920
3,13,dawn,11,False,649.9092489999966,762.042,1562673152
3,13,dawn,12,False,539.9096840000057,612.471,1562673152
3,13,dawn,13,False,645.4384040000004,752.396,1563160576
3,13,dawn,14,False,538.288919999999,590.824,1563160576
3,13,dawn,15,False,647.1080299999958,751.834,1563955200
3,13,dawn,16,False,540.3108809999976,600.466,1564479488
3,13,dawn,17,False,647.8239589999939,779.662,1565077504
3,13,dawn,18,False,532.1804480000064,601.826,1565077504
3,13,dawn,19,False,632.1604110000044,747.143,1565786112
3,13,dawn,20,False,531.6055850000048,592.766,1565786112
3,13,dawn,21,False,642.9430399999983,750.449,1566588928
3,13,dawn,22,False,535.389725999994,588.564,1566588928
3,14,retained,0,True,662.166205999998,313.587,1240891392
3,14,retained,1,True,590.7655410000007,207.315,1248755712
3,14,retained,2,True,586.4462909999966,259.879,1256005632
3,14,retained,3,False,598.0576630000069,214.519,1264508928
3,14,retained,4,False,622.913744000005,244.978,1270984704
3,14,retained,5,False,614.6044060000058,276.6,1284407296
3,14,retained,6,False,627.2129859999986,249.577,1291116544
3,14,retained,7,False,610.7030230000018,223.392,1298063360
3,14,retained,8,False,603.3216229999962,211.454,1304133632
3,14,retained,9,False,599.757666000005,199.202,1310539776
3,14,retained,10,False,609.172639000004,204.078,1316999168
3,14,retained,11,False,603.3583020000005,210.372,1323077632
3,14,retained,12,False,606.6823159999985,210.133,1330114560
3,14,retained,13,False,602.4056770000025,189.312,1336299520
3,14,retained,14,False,609.3666539999977,198.327,1344045056
3,14,retained,15,False,606.1161789999969,196.503,1350418432
3,14,retained,16,False,605.2112940000006,192.707,1356599296
3,14,retained,17,False,600.8526000000056,208.264,1362677760
3,14,retained,18,False,599.8958570000032,195.338,1369051136
3,14,retained,19,False,605.9023660000021,204.785,1375428608
3,14,retained,20,False,597.8300039999958,193.727,1381617664
3,14,retained,21,False,605.9336350000012,201.431,1388462080
3,14,retained,22,False,597.7327099999966,185.178,1394888704
3,15,teardown,0,True,676.8841599999978,357.065,1243811840
3,15,teardown,1,True,593.2153859999999,204.772,1251676160
3,15,teardown,2,True,599.5513869999995,266.314,1259421696
3,15,teardown,3,False,611.4538560000037,229.302,1267933184
3,15,teardown,4,False,628.7845659999948,248.906,1274327040
3,15,teardown,5,False,611.2281509999957,270.345,1286705152
3,15,teardown,6,False,618.2803910000002,236.29,1293611008
3,15,teardown,7,False,620.1761840000036,229.968,1300234240
3,15,teardown,8,False,610.215403000002,214.839,1306574848
3,15,teardown,9,False,609.0087589999966,209.443,1312731136
3,15,teardown,10,False,602.3966880000007,197.578,1318907904
3,15,teardown,11,False,603.3558659999981,207.939,1325285376
3,15,teardown,12,False,601.8098520000058,205.552,1332473856
3,15,teardown,13,False,597.0791170000011,184.005,1338396672
3,15,teardown,14,False,608.8877109999958,196.094,1345904640
3,15,teardown,15,False,599.9264330000005,188.16,1352904704
3,15,teardown,16,False,597.3746749999991,184.077,1359015936
3,15,teardown,17,False,600.9842470000003,209.159,1365282816
3,15,teardown,18,False,600.5647559999998,198.157,1371734016
3,15,teardown,19,False,600.5965259999939,201.016,1377832960
3,15,teardown,20,False,597.0829740000045,193.361,1384267776
3,15,teardown,21,False,602.3875009999974,197.065,1390120960
3,15,teardown,22,False,595.7574769999992,182.234,1396547584
4,16,retained,0,True,669.7819849999978,325.483,1239097344
4,16,retained,1,True,588.460243999998,197.547,1246961664
4,16,retained,2,True,591.7757329999986,252.986,1254543360
4,16,retained,3,False,606.7085230000012,221.666,1263099904
4,16,retained,4,False,617.2596369999956,234.74,1269501952
4,16,retained,5,False,618.5233480000024,273.979,1279758336
4,16,retained,6,False,612.2409689999986,233.479,1286795264
4,16,retained,7,False,606.1058469999989,216.843,1293611008
4,16,retained,8,False,613.4512099999993,215.466,1299763200
4,16,retained,9,False,602.6810239999977,200.813,1305907200
4,16,retained,10,False,602.4798939999964,194.654,1312346112
4,16,retained,11,False,602.2285599999959,209.688,1318424576
4,16,retained,12,False,612.8636019999976,215.436,1325395968
4,16,retained,13,False,605.9363779999985,192.227,1331613696
4,16,retained,14,False,614.0685729999968,200.427,1339363328
4,16,retained,15,False,605.398835,195.375,1345732608
4,16,retained,16,False,602.1141149999967,188.397,1351917568
4,16,retained,17,False,603.7765280000021,211.874,1358000128
4,16,retained,18,False,615.5322119999983,208.761,1364733952
4,16,retained,19,False,608.7082309999969,207.297,1372438528
4,16,retained,20,False,617.9794030000048,211.476,1378365440
4,16,retained,21,False,604.0896970000031,197.357,1384493056
4,16,retained,22,False,607.4339599999948,193.814,1390657536
4,17,candidate,0,True,655.3814270000003,292.804,1240506368
4,17,candidate,1,True,578.7811939999992,177.731,1248632832
4,17,candidate,2,True,577.2702360000003,229.211,1255784448
4,17,candidate,3,False,592.1404689999981,208.089,1265008640
4,17,candidate,4,False,597.7171979999985,209.661,1271132160
4,17,candidate,5,False,587.5158729999966,236.289,1281994752
4,17,candidate,6,False,595.2379159999982,206.421,1289244672
4,17,candidate,7,False,585.6553669999994,186.309,1296146432
4,17,candidate,8,False,589.8770030000014,185.084,1302462464
4,17,candidate,9,False,588.6456120000003,182.551,1308614656
4,17,candidate,10,False,586.9983779999966,172.481,1314787328
4,17,candidate,11,False,584.5317900000009,182.658,1320947712
4,17,candidate,12,False,598.2625849999968,195.513,1328517120
4,17,candidate,13,False,591.5617379999967,171.929,1334697984
4,17,candidate,14,False,591.871822000001,173.682,1342910464
4,17,candidate,15,False,582.7192639999994,164.586,1349033984
4,17,candidate,16,False,588.9257599999983,171.318,1355345920
4,17,candidate,17,False,581.979760000002,183.151,1361268736
4,17,candidate,18,False,578.9050359999965,168.775,1367719936
4,17,candidate,19,False,591.4171449999994,183.367,1374871552
4,17,candidate,20,False,585.7619180000038,172.816,1380810752
4,17,candidate,21,False,587.7995679999949,172.377,1387454464
4,17,candidate,22,False,591.3556390000012,171.685,1393758208
4,18,teardown,0,True,666.2788709999986,308.188,1273176064
4,18,teardown,1,True,585.0977559999992,195.304,1281040384
4,18,teardown,2,True,587.0638810000019,250.225,1288904704
4,18,teardown,3,False,597.6968979999983,216.604,1298264064
4,18,teardown,4,False,611.587234999999,227.773,1304653824
4,18,teardown,5,False,612.5913670000009,275.648,1315016704
4,18,teardown,6,False,606.3922450000027,220.966,1322229760
4,18,teardown,7,False,611.2427949999983,222.151,1329049600
4,18,teardown,8,False,604.6489599999986,210.072,1335394304
4,18,teardown,9,False,614.5526239999963,212.978,1341534208
4,18,teardown,10,False,600.8958970000022,194.652,1347973120
4,18,teardown,11,False,608.8751839999968,213.94,1354072064
4,18,teardown,12,False,601.8660049999962,206.147,1361412096
4,18,teardown,13,False,603.5317450000002,189.985,1367334912
4,18,teardown,14,False,604.7556810000024,194.125,1374822400
4,18,teardown,15,False,601.4547699999966,191.408,1381445632
4,18,teardown,16,False,597.0716900000043,184.238,1387626496
4,18,teardown,17,False,605.9938239999974,217.304,1393590272
4,18,teardown,18,False,607.9015389999986,205.286,1400303616
4,18,teardown,19,False,602.222477000003,203.631,1406181376
4,18,teardown,20,False,594.6953920000014,190.809,1412567040
4,18,teardown,21,False,601.925808,198.48,1418559488
4,18,teardown,22,False,603.8572280000008,189.75,1424752640
4,19,dawn,0,True,642.7503909999978,846.319,1340018688
4,19,dawn,1,True,717.243903999999,863.995,1508487168
4,19,dawn,2,True,553.1974790000022,698.376,1509535744
4,19,dawn,3,False,659.6517309999981,790.116,1547677696
4,19,dawn,4,False,538.7334110000011,612.526,1548464128
4,19,dawn,5,False,640.3409000000029,791.241,1555824640
4,19,dawn,6,False,536.8020810000016,609.841,1556611072
4,19,dawn,7,False,645.923029000005,762.881,1560641536
4,19,dawn,8,False,536.1060700000016,603.642,1561165824
4,19,dawn,9,False,645.8875919999991,763.818,1562705920
4,19,dawn,10,False,530.7015050000045,588.957,1562705920
4,19,dawn,11,False,642.4968930000032,761.66,1562730496
4,19,dawn,12,False,535.1700560000027,604.419,1562730496
4,19,dawn,13,False,634.0294159999976,739.826,1562775552
4,19,dawn,14,False,532.2614650000032,584.245,1562775552
4,19,dawn,15,False,650.6859949999998,752.902,1562787840
4,19,dawn,16,False,531.0287810000009,590.846,1562787840
4,19,dawn,17,False,639.8337849999953,761.059,1563365376
4,19,dawn,18,False,531.8478149999937,599.19,1563365376
4,19,dawn,19,False,650.9407960000026,769.532,1563549696
4,19,dawn,20,False,531.7255450000011,594.207,1563549696
4,19,dawn,21,False,638.1066600000049,747.167,1564831744
4,19,dawn,22,False,533.0382480000044,589.093,1565356032
5,20,dawn,0,True,645.4406100000015,852.096,1350017024
5,20,dawn,1,True,720.473409000002,873.462,1508196352
5,20,dawn,2,True,549.1415750000015,702.261,1510031360
5,20,dawn,3,False,657.1744719999988,782.979,1546117120
5,20,dawn,4,False,537.4582670000018,610.351,1546641408
5,20,dawn,5,False,638.6159289999996,790.914,1553686528
5,20,dawn,6,False,533.7563510000036,612.706,1554210816
5,20,dawn,7,False,649.010918,769.82,1557770240
5,20,dawn,8,False,538.6771850000005,611.621,1558294528
5,20,dawn,9,False,640.6938040000023,759.861,1559437312
5,20,dawn,10,False,533.8016769999958,589.242,1559437312
5,20,dawn,11,False,648.9110700000019,761.318,1560338432
5,20,dawn,12,False,537.1473110000006,606.959,1560338432
5,20,dawn,13,False,643.4779010000057,753.211,1560469504
5,20,dawn,14,False,533.3158909999984,594.304,1560469504
5,20,dawn,15,False,632.5041710000005,743.332,1560899584
5,20,dawn,16,False,532.3240619999997,588.636,1560899584
5,20,dawn,17,False,635.3316190000041,752.765,1561985024
5,20,dawn,18,False,530.4863780000014,592.863,1561985024
5,20,dawn,19,False,648.8952199999985,761.736,1563570176
5,20,dawn,20,False,531.723619999997,590.915,1563570176
5,20,dawn,21,False,633.7213449999981,747.622,1564692480
5,20,dawn,22,False,531.3416700000016,590.264,1564692480
5,21,teardown,0,True,663.6455659999992,315.076,1274286080
5,21,teardown,1,True,586.1683300000004,198.008,1282150400
5,21,teardown,2,True,593.7119369999964,258.702,1289711616
5,21,teardown,3,False,605.1721240000043,223.805,1298923520
5,21,teardown,4,False,616.1709799999953,226.996,1305354240
5,21,teardown,5,False,608.3022320000018,268.686,1316999168
5,21,teardown,6,False,603.8004789999977,217.955,1324171264
5,21,teardown,7,False,604.2862939999977,214.334,1330991104
5,21,teardown,8,False,608.9794269999984,210.935,1337331712
5,21,teardown,9,False,622.1264440000014,218.902,1342984192
5,21,teardown,10,False,609.749579000003,200.617,1349525504
5,21,teardown,11,False,605.201939999999,209.53,1355702272
5,21,teardown,12,False,602.7468319999971,206.555,1362894848
5,21,teardown,13,False,600.5003590000051,187.072,1369223168
5,21,teardown,14,False,600.083623999999,188.114,1377234944
5,21,teardown,15,False,598.177751999996,188.122,1383653376
5,21,teardown,16,False,596.551066,183.125,1389834240
5,21,teardown,17,False,610.0901310000045,217.523,1396207616
5,21,teardown,18,False,599.3962289999981,196.648,1402671104
5,21,teardown,19,False,596.1210470000005,194.233,1408765952
5,21,teardown,20,False,605.2384579999998,200.651,1415417856
5,21,teardown,21,False,614.6381410000031,209.433,1421320192
5,21,teardown,22,False,607.0965799999976,193.283,1427390464
5,22,candidate,0,True,649.0849260000032,288.354,1246126080
5,22,candidate,1,True,574.7513239999971,174.889,1253990400
5,22,candidate,2,True,577.3813110000046,233.009,1262280704
5,22,candidate,3,False,587.021467999999,204.944,1271046144
5,22,candidate,4,False,589.6764010000043,199.276,1277427712
5,22,candidate,5,False,583.7778749999998,227.628,1287434240
5,22,candidate,6,False,586.2936059999993,191.764,1294594048
5,22,candidate,7,False,594.3205929999967,196.708,1301540864
5,22,candidate,8,False,587.8310340000025,185.676,1307881472
5,22,candidate,9,False,583.5413899999985,176.2,1314029568
5,22,candidate,10,False,593.5736550000001,181.955,1319755776
5,22,candidate,11,False,580.0768800000005,176.226,1325830144
5,22,candidate,12,False,581.8949670000002,181.024,1332895744
5,22,candidate,13,False,582.7927990000026,161.825,1338994688
5,22,candidate,14,False,586.6465210000024,167.5,1347006464
5,22,candidate,15,False,587.1654389999967,173.363,1353216000
5,22,candidate,16,False,587.379783000004,165.114,1359441920
5,22,candidate,17,False,591.912894999994,197.673,1365442560
5,22,candidate,18,False,586.559656999998,177.992,1371693056
5,22,candidate,19,False,586.937278999998,179.44,1377796096
5,22,candidate,20,False,586.3599909999975,174.488,1384230912
5,22,candidate,21,False,584.2198979999957,172.687,1390329856
5,22,candidate,22,False,579.3494690000007,158.375,1396523008
5,23,retained,0,True,663.8346610000008,301.934,1240911872
5,23,retained,1,True,589.8987689999994,202.888,1248251904
5,23,retained,2,True,585.6163089999973,251.406,1255325696
5,23,retained,3,False,590.7343529999998,204.27,1264164864
5,23,retained,4,False,612.5900909999982,229.941,1270554624
5,23,retained,5,False,604.7623989999993,262.867,1283715072
5,23,retained,6,False,607.2225449999969,223.445,1290899456
5,23,retained,7,False,605.3400279999987,215.047,1297719296
5,23,retained,8,False,609.9119040000005,212.863,1303785472
5,23,retained,9,False,601.0442629999961,200.754,1309917184
5,23,retained,10,False,602.8861439999964,197.052,1316356096
5,23,retained,11,False,599.1867219999986,203.178,1322430464
5,23,retained,12,False,608.1106189999991,211.038,1329831936
5,23,retained,13,False,605.9222359999985,192.958,1336008704
5,23,retained,14,False,604.8317600000009,193.03,1344544768
5,23,retained,15,False,603.6090059999988,191.309,1350721536
5,23,retained,16,False,608.6817049999954,196.088,1356902400
5,23,retained,17,False,603.563771000001,212.697,1362984960
5,23,retained,18,False,603.5247969999982,197.886,1369452544
5,23,retained,19,False,612.2551299999977,211.817,1375809536
5,23,retained,20,False,610.2470759999997,203.748,1382244352
5,23,retained,21,False,605.3894319999963,199.433,1388843008
5,23,retained,22,False,600.4757610000015,186.316,1395269632
