path	beforeSha256	afterSha256	equal
aarch64-macos/false/build_options.txt	51988b1c4f7a86112a8b3eac8b3fbf1d00f291fead2c9d966089358bf566197f	51988b1c4f7a86112a8b3eac8b3fbf1d00f291fead2c9d966089358bf566197f	true
aarch64-macos/false/compute_build_options.txt	e007bfba9f83d0b4dc80ed4db864afdf51e0dde50ff6b744ea13f39a22a95731	e007bfba9f83d0b4dc80ed4db864afdf51e0dde50ff6b744ea13f39a22a95731	true
aarch64-macos/false/full_build_options.txt	be05d1ccc27c98a02f090638b2bea4d511f9dd0d6f84eab1851a2e43c4c23e0f	be05d1ccc27c98a02f090638b2bea4d511f9dd0d6f84eab1851a2e43c4c23e0f	true
aarch64-macos/false/graph.tsv	6068a4ae5de433e6b589087e79985b8aba641646a74932437e7df4d94b5ec59c	6068a4ae5de433e6b589087e79985b8aba641646a74932437e7df4d94b5ec59c	true
aarch64-macos/true/build_options.txt	6d4f8c9c0a6680ecd4f3d3b7075cf52d8b91e8053250cbeab3beb43f8d2c2a01	6d4f8c9c0a6680ecd4f3d3b7075cf52d8b91e8053250cbeab3beb43f8d2c2a01	true
aarch64-macos/true/compute_build_options.txt	60a8d902da1cf0ddaa06777232d10e7b1831d62e6f6649b91fe4b2134e798aa6	60a8d902da1cf0ddaa06777232d10e7b1831d62e6f6649b91fe4b2134e798aa6	true
aarch64-macos/true/full_build_options.txt	6c5c194b6d9e2593514d80d2e40a1bb08e60d881e1ee2389677ffcbef298988e	6c5c194b6d9e2593514d80d2e40a1bb08e60d881e1ee2389677ffcbef298988e	true
aarch64-macos/true/graph.tsv	6068a4ae5de433e6b589087e79985b8aba641646a74932437e7df4d94b5ec59c	6068a4ae5de433e6b589087e79985b8aba641646a74932437e7df4d94b5ec59c	true
x86_64-linux-gnu/false/build_options.txt	51988b1c4f7a86112a8b3eac8b3fbf1d00f291fead2c9d966089358bf566197f	51988b1c4f7a86112a8b3eac8b3fbf1d00f291fead2c9d966089358bf566197f	true
x86_64-linux-gnu/false/compute_build_options.txt	e007bfba9f83d0b4dc80ed4db864afdf51e0dde50ff6b744ea13f39a22a95731	e007bfba9f83d0b4dc80ed4db864afdf51e0dde50ff6b744ea13f39a22a95731	true
x86_64-linux-gnu/false/full_build_options.txt	be05d1ccc27c98a02f090638b2bea4d511f9dd0d6f84eab1851a2e43c4c23e0f	be05d1ccc27c98a02f090638b2bea4d511f9dd0d6f84eab1851a2e43c4c23e0f	true
x86_64-linux-gnu/false/graph.tsv	b14c80900eba03b04c1f52b67bac278f946d2e7d344f03c663a0641060304a49	b14c80900eba03b04c1f52b67bac278f946d2e7d344f03c663a0641060304a49	true
x86_64-linux-gnu/true/build_options.txt	6d4f8c9c0a6680ecd4f3d3b7075cf52d8b91e8053250cbeab3beb43f8d2c2a01	6d4f8c9c0a6680ecd4f3d3b7075cf52d8b91e8053250cbeab3beb43f8d2c2a01	true
x86_64-linux-gnu/true/compute_build_options.txt	60a8d902da1cf0ddaa06777232d10e7b1831d62e6f6649b91fe4b2134e798aa6	60a8d902da1cf0ddaa06777232d10e7b1831d62e6f6649b91fe4b2134e798aa6	true
x86_64-linux-gnu/true/full_build_options.txt	6c5c194b6d9e2593514d80d2e40a1bb08e60d881e1ee2389677ffcbef298988e	6c5c194b6d9e2593514d80d2e40a1bb08e60d881e1ee2389677ffcbef298988e	true
x86_64-linux-gnu/true/graph.tsv	b14c80900eba03b04c1f52b67bac278f946d2e7d344f03c663a0641060304a49	b14c80900eba03b04c1f52b67bac278f946d2e7d344f03c663a0641060304a49	true
x86_64-windows-gnu/false/build_options.txt	51988b1c4f7a86112a8b3eac8b3fbf1d00f291fead2c9d966089358bf566197f	51988b1c4f7a86112a8b3eac8b3fbf1d00f291fead2c9d966089358bf566197f	true
x86_64-windows-gnu/false/compute_build_options.txt	e007bfba9f83d0b4dc80ed4db864afdf51e0dde50ff6b744ea13f39a22a95731	e007bfba9f83d0b4dc80ed4db864afdf51e0dde50ff6b744ea13f39a22a95731	true
x86_64-windows-gnu/false/full_build_options.txt	be05d1ccc27c98a02f090638b2bea4d511f9dd0d6f84eab1851a2e43c4c23e0f	be05d1ccc27c98a02f090638b2bea4d511f9dd0d6f84eab1851a2e43c4c23e0f	true
x86_64-windows-gnu/false/graph.tsv	013130cb5fbbfaf433156e50f60947807d9719e34092ee29bc58419b901ee9fe	013130cb5fbbfaf433156e50f60947807d9719e34092ee29bc58419b901ee9fe	true
x86_64-windows-gnu/true/build_options.txt	6d4f8c9c0a6680ecd4f3d3b7075cf52d8b91e8053250cbeab3beb43f8d2c2a01	6d4f8c9c0a6680ecd4f3d3b7075cf52d8b91e8053250cbeab3beb43f8d2c2a01	true
x86_64-windows-gnu/true/compute_build_options.txt	60a8d902da1cf0ddaa06777232d10e7b1831d62e6f6649b91fe4b2134e798aa6	60a8d902da1cf0ddaa06777232d10e7b1831d62e6f6649b91fe4b2134e798aa6	true
x86_64-windows-gnu/true/full_build_options.txt	6c5c194b6d9e2593514d80d2e40a1bb08e60d881e1ee2389677ffcbef298988e	6c5c194b6d9e2593514d80d2e40a1bb08e60d881e1ee2389677ffcbef298988e	true
x86_64-windows-gnu/true/graph.tsv	013130cb5fbbfaf433156e50f60947807d9719e34092ee29bc58419b901ee9fe	013130cb5fbbfaf433156e50f60947807d9719e34092ee29bc58419b901ee9fe	true
