path	sha256
runtime/zig/src/compiler/wgsl/runtime/runtime_compile_report.zig	284d9f79193e9ba900fd3b6f90ec3c9651d90357f67719f0d22fd5580f51c156
runtime/zig/bench/entrypoints/runtime_compile_report.zig	385d2c2da599f9c68ef1cf9488cf50428cfc1745083f5edf4c83ff95b58b43e3
runtime/zig/test_suite_runtime_compile_report.zig	27a5b2b51940a9ef26ebf466b16e6c275fe19608e8f761d6bb637d293546eb83
runtime/zig/build.zig	929c70813d72988b9a7cd1144584072874ff43a1119defab77a9ced17d3c0ffb
runtime/zig/bench/entrypoints/README.md	a03f4433cadf15413456ad895fad10f193cbc01669c1a31bc42ecfbe58986e22
config/runtime-compile-report.schema.json	8f6733ce7f109fab00c33f32a592b36a71b10b64c3668ef24a302763edf8dc5d
runtime/zig/src/compiler/wgsl/runtime/runtime_compute_translation.zig	945d3e8979882d41cbc2e0cd01b5d97faca1cc578d76246de5b924e12a3d9020
runtime/zig/src/compiler/wgsl/runtime/runtime_translation_info.zig	7a66d29cdaa5c91857cce584037f6c5a90a0cb6ac9190c9189835b0422ec1621
bench/native-compare/compare_doe_vs_tint_compilation.py	6e53d255b7884f48f0daa523dd567bbc1b140fffff8a1891ae331580ca54d043
